	"C++ variable name"	"Det_number"	"Det_name"	"Det_active"	"Det_Group"	"Det_Group_number"	"Det_IO_type"	"Det_crate_number"	"Det_slot_number"	"Det_address_number"	"PMT_A_name"	"PMT_A_serial_number"	"PMT_B_name"	"PMT_B_serial_number"	"DAC_A_IO_type"	"DAC_A_crate"	"DAC_A_slot"	"DAC_A_address"	"DAC_A_cablename"	"DAC_A_panelname"	"DAC_A_connectorname"	"DAC_A_HV_setting"	"DAC_A_old_HV_setting"	"DAC_A_lastchange"	"DAC_A_to Histgram_gain"	"DAC_A_min_volt"	"DAC_A_max_volt"	"DAC_B_IO_type"	"DAC_B_crate"	"DAC_B_slot"	"DAC_B_address"	"DAC_B_cablename"	"DAC_B_panelname"	"DAC_B_connectorname"	"DAC_B_HV_setting"	"DAC_B_old_HV_setting"	"DAC_B_lastchange"	"DAC_B_to Histgram_gain"	"DAC_B_min_volt"	"DAC_B_max_volt"	"Pileup_res_time"	"Doublett_res_time"	"Dead_time"	"Count_rate_peak"	"Count_rate_CPS_last_minute"	"Count_rate_CPS_total"	"Total_counts_last_minute"	"Total_counts_this_run"	"Max_rate_tolerated"	"Min_rate_tolerated"	"Signal_integral"	"Time_offset"	"Time_offset_old"	"Time_offset_changed"	"Time_offset_manual"	"Gain_gamma_keV_ch"	"Gain_neutron_keV_ch"	"Element_for_Calibration"	"Center_gravity_137Cs"	"Center_gravity_60Co"	"Center_gravity_Natural"	"Center_gravity_Pu"	"Center_gravity_238U"	"Center_gravity_252Cf"	"Center_gravity_Other"	"Det_center_X"	"Det_center_Y"	"Det_center_Z"	"Det_dimension_X"	"Det_dimension_Y"	"Det_dimension_Z"	"Det_rotation_angle"	"FPGA_threshold_mV"	"FPGA_filter_width"	"Noise_AC_limit"	"Noise_AC_average"	"Digitizer_full_range"	"input_offset_target"	"Input_offset_gain"	"Input_offset_value"	"Digitizer_full_scale"	"Input_invert"	"FPGA_pilup_low"	"FPGA_pilup_high"	"FPGA_master_gate_low"	"FPGA_master_gate_high"	"FPGA_peak_gate_low"	"FPGA_peak_gate_high"	"FPGA_short_tail_gate_low"	"FPGA_short_tail_gate_high"	"FPGA_medium_tail_gate_low"	"FPGA_medium_tail_gate_high"	"FPGA_long_tail_gate_low"	"FPGA_long_tail_gate_high"	"FPGA_CF_gate_1_low"	"FPGA_CF_gate_1_high"	"FPGA_CF_gate_2_low"	"FPGA_CF_gate_2_high"	"FPGA_pre_pulse_gate_low"	"FPGA_pre_pulse_gate_high"	"FPGA_filter_width_ch"	"FPGA_pilup_low_ch"	"FPGA_pilup_high_ch"	"FPGA_master_gate_low_ch"	"FPGA_master_gate_high_ch"	"FPGA_peak_gate_low_ch"	"FPGA_peak_gate_high_ch"	"FPGA_short_tail_gate_low_ch"	"FPGA_short_tail_gate_high_ch"	"FPGA_medium_tail_gate_low_ch"	"FPGA_medium_tail_gate_high_ch"	"FPGA_long_tail_gate_low_ch"	"FPGA_long_tail_gate_high_ch"	"FPGA_CF_gate_1_low_ch"	"FPGA_CF_gate_1_high_ch"	"FPGA_CF_gate_2_low_ch"	"FPGA_CF_gate_2_high_ch"	"FPGA_pre_pulse_gate_low_ch"	"FPGA_pre_pulse_gate_high_ch"	"Threshold_mV"	"Weighting_gain"	"Weighting_offset"	"Det_efficiency_percent"	"Timing_uncertainty_FWHM"	"Timing_uncertainty_full"	"Gamma_tail_low"	"Gamma_tail_high"	"Neutron_tail_low"	"Neutron_tail_high"	"Gate_banana_used"	"Tail_quality_needed"	"Total_gamma_counts"	"Total_neutron_counts"	"Neutron_counts_CPS"	"Trigger_to_gamma_ratio"	"Trigger_to_neutron_ratio"	"Tail_short_needed_low"	"Tail_short_needed_high"	"Tail_medium_needed_low"	"Tail_medium_needed_high"	"Tail_long_needed_low"	"Tail_long_needed_high"	"Digitizer_time_per_sample"	"Pulse_height_gain"	"Pulse_height_histogram_length"	"Rate_histogram_length"	"Timing_spectrum_length"	"Timing_spectrum_gain"	"Pulse_shape_spectrum_length"	"GN_2D_length_X"	"GN_2D_length_Y"	"GN_2D_gain_X"	"GN_2D_gain_Y"	"Histogram_compression"	"Energy_histogram_length"
	"Memory Type"	"Integer"	"ASCII"	"Integer"	"ASCII"	"Integer"	"ASCII"	"Integer"	"Integer"	"Integer"	"ASCII"	"Integer"	"ASCII"	"Integer"	"ASCII"	"Integer"	"Integer"	"Integer"	"ASCII"	"ASCII"	"ASCII"	"Real"	"Real"	"Date-Time"	"real"	"Real"	"Real"	"ASCII"	"Integer"	"Integer"	"Integer"	"ASCII"	"ASCII"	"ASCII"	"Real"	"Real"	"Real"	"real"	"Real"	"Real"	"Real"	"Real"	"Real"	"Real"	"Real"	"Real"	"Integer"	"Integer double"	"Real"	"Real"	"Real*8"	"Real"	"Real"	"Date-Time"	"Real"	"Real"	"Real"	"ASCII"	"Real"	"Real"	"Real"	"Real"	"Real"	"Real"	"Real"	"Real"	"Real"	"Real"	"Real"	"Real"	"Real"	"real"	"real"	"Integer"	"real"	"real"	"real"	"real"	"real"	"integer"	"integer"	"integer"	"real"	"real"	"real"	"real"	"real"	"real"	"real"	"real"	"real"	"real"	"real"	"real"	"real"	"real"	"real"	"real"	"real"	"real"	"Integer"	"Integer"	"Integer"	"Integer"	"Integer"	"Integer"	"Integer"	"Integer"	"Integer"	"Integer"	"Integer"	"Integer"	"Integer"	"Integer"	"Integer"	"Integer"	"Integer"	"Integer"	"Integer"	"Real"	"Real"	"Real"	"Real"	"Real"	"Real"	"Real"	"Real"	"Real"	"Real"	"Logical"	"Real"	"Integer"	"Integer"	"Real"	"Real"	"Real"	"Real"	"Real"	"Real"	"Real"	"Real"	"Real"	"Real"	"Real"	"Integer"	"Integer"	"Integer"	"Integer"	"Integer"	"Integer"	"Integer"	"Real"	"Real"	"integer"	"Integer"
		1	2	3	4	5	6	7	8	9	10	11	12	13	14	15	16	17	18	19	20	21	22	23	24	25	26	27	28	29	30	31	32	33	34	35	36	37	38	39	40	41	42	43	44	45	46	47	48	49	50	51	52	53	54	55	56	57	58	59	60	61	62	63	64	65	66	67	68	69	70	71	72	73	74	75	76	77	78	79	80	81	82	83	84	85	86	87	88	89	90	91	92	93	94	95	96	97	98	99	100	101	102	103	104	105	106	107	108	109	110	111	112	113	114	115	116	117	118	119	120	121	122	123	124	125	126	127	128	129	130	131	132	133	134	135	136	137	138	139	140	141	142	143	144	145	146	147	148	149	150	151	152	153	154
	"EXCEL COLUMN description"	"Detector number"	"Detector name"	"This detector is active"	"Detector type   Gamma; long Gamma; Muon; 3He"	"Detector number in group"	"IO address for Digitizer"	"Crate #   for digitizer"	"Slot # for digitizer"	"Address # for digitizer"	"Associated PMT 1  name/ID"	"Serial number last 3 digits"	"Associated PMT 2  name/ID"	"Serial number last 3 digits"	"IO address for DAC  PMT A"	"Crate # for DAC PMT A"	"Slot # for DAC PMT A"	"Card Address for DAC PMT A"	"Cable name for PMT A"	"Connector name for PMT A"	"Panel name for PMT A"	"DAC PMT A  HV setting"	"DAC PMT A  previous HV setting"	"DAC PMT A  HV setting date/time of last change"	"DAC A to Histgram gain"	"Min volt on DAC  PMT A"	"Max volt on DAC PMT A"	"IO Bddress for DAC  PMT B"	"Crate # for DAC PMT B"	"Slot # for DAC PMT B"	"Card Bddress for DAC PMT B"	"Cable name for PMT B"	"Connector name for PMT B"	"Panel name for PMT B"	"DAC PMT B  HV setting"	"DAC PMT B  previous HV setting"	"DAC PMT B  HV setting date/time of last change"	"DAC B to Histgram gain"	"Min volt on DAC  PMT B"	"Max volt on DAC PMT B"	"Pileup resolution time   nsec"	"Doublet resolution time  nsec"	"Dead time from NI pulser measurement"	"Max peak count rate / second"	"Average rate last minute (cps)"	"Average rate since startup total"	"Number of counts since last minute"	"Number of counts since start of run"	"Max rate/sec to be tolerated"	"Min rate/sec  to be tolerated"	"Total integral pulse-integral all counts"	"Timing offset in nsec"	"Previous timing offset"	"Last time/Date offset was changed"	"Known manual timing offset in nsec"	"Gain for gammas keV/ch"	"Gain for neutrons keV/ch"	"Use this element for gain calibration"	"Calibration channel for 137Cs"	"Calibration channel for 60Co"	"Calibration channel for nat Background"	"Calibration channel for Pu"	"Calibration channel for 238U"	"Calibration channel for 252Cf"	"Calibration channel for Other"	"Position of detector X"	"Position of detector Y"	"Position of detector Z"	"Dimension of det in X"	"Dimension of det in Y"	"Dimension of det in Z"	"Detector orientation"	"FPGA peak detect threshold"	"FPGA peak detect filter width"	"Question validity if noise exceeded"	"Measure pre-to-post gate difference"	"set the full range to 2 or 4 volt"	"Input offset  target; where the baseline should be"	"Input offset gain"	"Input offset after calibration"	"Digitizer full scale"	"Input Invert"	"FPGA pilup gate low"	"FPGA pilup gate high"	"FPGA gate setting  master gate low"	"FPGA gate setting  master gate high"	"FPGA peak gate low"	"FPGA peak gate high"	"FPGA short tail gate low"	"FPGA short tail gate high"	"FPGA medium tail gate low"	"FPGA medium tail gate high"	"FPGA long tail gate low"	"FPGA long tail gate high"	"FPGA Constant Fraction gate 1 low"	"FPGA Constant Fraction gate 1 high"	"FPGA Constant Fraction gate 2 low"	"FPGA Constant Fraction gate 2 high"	"FPGA Pre-pulse_gate low"	"FPGA Pre-pulse_gate high"	"FPGA peak detect filter width"	"FPGA pilup gate low"	"FPGA pilup gate high"	"FPGA gate setting  master gate low"	"FPGA gate setting  master gate high"	"FPGA peak gate low"	"FPGA peak gate high"	"FPGA short tail gate low"	"FPGA short tail gate high"	"FPGA medium tail gate low"	"FPGA medium tail gate high"	"FPGA long tail gate low"	"FPGA long tail gate high"	"FPGA Constant Fraction gate 1 low"	"FPGA Constant Fraction gate 1 high"	"FPGA Constant Fraction gate 2 low"	"FPGA Constant Fraction gate 2 high"	"FPGA Pre-pulse_gate low"	"FPGA Pre-pulse_gate high"	"Software peakheight threshold to be counted"	"Cluster Weighting gain factor for this detector"	"Cluster Weighting offset factor"	"Detector efficiency"	"Detector FWHM timing spread"	"Detector maximum 95% timing spread"	"Gamma-tail ratio for gamma acceptance gate low"	"Gamma-tail ratio for gamma acceptance gate high"	"Neutron PSD tail ration for neutron acceptance low"	"Neutron PSD tail ration for neutron acceptance high"	"Use banana gates for particle ID"	"Require this tail ratio quality"	"Total gamma count since start"	"Total neutron Counts since start"	"Neutrons per second"	"Displays events rejected by pilup etc"	"Displays neutron yield"	"Tail 1 fraction to total tail 1+2+3 low"	"Tail 1 fraction to total tail 1+2+3 high"	"Tail 2 fraction to total tail low"	"Tail 2 fraction to total tail high"	"Tail 3 fraction to total tail low"	"Tail 3 fraction to total tail high"	"Digitizer time in nsec/channel"	"Gain for pulse height histogram Channel/mV"	"Pulse height histogram length for this channel"	"Rate histogram spectrum length for this channel"	"Timing spectrum length for this channel"	"Timing spectrum gain in nsec/ch"	"Pulse shape spectrum length for this channel"	"X-plot length for 2D neutron gamma plot"	"Y-plot length for 2D neutron gamma plot"	"Gain for 2D pulse height histogram "	"Gain for 2D tail height histogram"	"Histogram compression factor"	"Energy histogram length for this channel"
	"NOTES"	"Sequential and unique"	"Unique name; no space"	"Flag unused units 1=used"	"Or NaI; Ge; Specify a name"	"e.g. 1-18"	"USB or expresscard etc"	"For now; its 1"	"1-N"	"0-7;0-15;0-31 etc"	"0 if not used"		"0 if not used"		"USB or expresscard etc"	"For now; its 1"	"1-N"	"1-M"	"whats printed on the cable"	"Tag on the panel"	"One of the 3 RJ45 panels"	"The DAC setting to givr the right HV"	"The previous DAC setting"		"So we are right on correcting the HV"	"Keep it simple DAC volt"	"Keep it simple DAC volt"	"USB or expresscard etc"	"For now; its 1"	"1-N"	"1-M"	"whats printed on the cable"	"Tag on the panel"	"One of the 3 RJ45 panels"	"The DAC setting to givr the right HV"	"The previous DAC setting"	"remember last change time"	"So we are right on correcting the HV"	"Keep it simple DAC volt"	"Keep it simple DAC volt"	"Keep it simple DAC volt"	"Estimate and calibrate"	"Estimate and calibrate"	"Keep maximum; Reset every start"	"Reset every start"	"Reset every start"	"Reset every start"	"Reset every start"	"Write alarm if exceeded"	"Write alarm if exceeded"	"Integrate over all pulses Pulse_integral ns*channels"	"Automatic calibration"		"Make a note when it was calibrated"	"Preset if known; gets added"	"Use if not gain corrected"	"0 if not used"	"137Cs; 60Co; natural;Pu;U238;other"	"Center of log gravity"	"Center of log gravity"	"Center of log gravity"	"Center of log gravity"	"Center of log gravity"	"Center of log gravity"	"Center of log gravity"	"Center in X;  in cm"	"Center in Y;  in cm"	"Center in Z;  in cm"	"End-to-end in cm"	"End-to-end in cm"	"End-to-end in cm"	"if not in XZ plane"	"In mVolt or Volt; check"	"in nsec"	"in mVolt per "	"in mVolt, absolute average; its AC"	"2 or 4 volt full range; better is 4 volt; lower noise floor from AC"	"in percent of fullscale range;  should be about 7%"	"translates the % gain to digitizer counts"	"where the calibration put the offset in digitizer counts"	"4096 for a 12 bit digitizer; 32384 for 14 bit"	"Invert the input before processing;  Invert= -1;  non = 1"	"In nsec"	"In nsec"	"in nsec"	"in nsec"	"In nsec"	"In nsec"	"in nsec"	"in nsec"	"In nsec"	"In nsec"	"in nsec"	"in nsec"	"In nsec"	"In nsec"	"in nsec"	"In nsec"	"In nsec"	"in nsec"	"in samples"	"In samples"	"In samples"	"in samples"	"in samples"	"In samples"	"In samples"	"in samples"	"in samples"	"In samples"	"In samples"	"in samples"	"in samples"	"In samples"	"In samples"	"in samples"	"In samples"	"In samples"	"in samples"	"Use this threshold for clusters"	"Try 1 for a start; weighs big pulses more"	"Try 0  gives weight to detector"	"Calibrate; relative number %"	"In nsec; calibrate"	"to estimate cluster performance"	"Typically lower band"		"Typically upper band"		"Yes/no"							"Depends on gate width"	"Depends on gate width"	"Depends on gate width"	"Depends on gate width"	"Depends on gate width"	"Depends on gate width"	"5;10;12.5 for Struck or XIA"	"So the overflow is still visible"	"128 ch  up to 16k"	"Typically 4k"	"128 ch  up to 16k zero time in center"	"128 ch  up to 16k"	"128 ch  up to 16k peak in center"	"128 ch  up to 16k peak in center"	"128 ch  up to 16k peak in center"	"So all events fit on the 2D plot"	"So all events fit on the 2D plot"	"compress integral histogram size by this factor; its about the pulsewidth "	"128 ch  up to 16k; this is for the integral peakarea histogram"
	"LoadGroup"	"Hardware"	"Hardware"	"Hardware"	"Hardware"	"Hardware"	"Hardware"	"Hardware"	"Hardware"	"Hardware"	"Hardware"	"Hardware"	"Hardware"	"Hardware"	"Hardware"	"Hardware"	"Hardware"	"Hardware"	"Hardware"	"Hardware"	"Hardware"	"Calibrate"	"Calculated"	"Calculated"	"Calibrate"	"Hardware"	"Hardware"	"Hardware"	"Hardware"	"Hardware"	"Hardware"	"Hardware"	"Hardware"	"Hardware"	"Calibrate"	"calculate"	"calculate"	"Calibrate"	"Hardware"	"Hardware"	"Calibrate"	"Calibrate"	"Calculate"	"Calculate"	"Calculate"	"Calculate"	"Calculate"	"Calculate"	"Calibrate"	"Calibrate"		"Calibrate"			"hardware"	"Calibrate"	"Calibrate"	"manual"	"Calibrate"	"Calibrate"	"Calibrate"	"Calibrate"	"Calibrate"	"Calibrate"	"Calibrate"	"manual"	"manual"	"manual"	"manual"	"manual"	"manual"	"manual"	"calibrate"	"calibrate"	"calibrate"	"calculate"	"manual"	"manual"	"calibrate"	"calibrate"	"manual"	"manual"	"calibrate"	"calibrate"	"calibrate"	"calibrate"	"calibrate"	"calibrate"	"calibrate"	"calibrate"	"calibrate"	"calibrate"	"calibrate"	"calibrate"	"calibrate"	"calibrate"	"calibrate"	"calibrate"	"calibrate"	"calibrate"	"calculate"	"calculate"	"calculate"	"calculate"	"calculate"	"calculate"	"calculate"	"calculate"	"calculate"	"calculate"	"calculate"	"calculate"	"calculate"	"calculate"	"calculate"	"calculate"	"calculate"	"calculate"	"calculate"	"calibrate"	"manual"	"manual"	"calibrate"	"calibrate"	"calibrate"	"calibrate"	"calibrate"	"calibrate"	"calibrate"	"manual"	"calibrate"	"calculate"	"calculate"	"calculate"	"calculate"	"calculate"	"calibrate"	"calibrate"	"calibrate"	"calibrate"	"calibrate"	"calibrate"	"Hardware"	"calibrate"	"manual"	"manual"	"manual"	"calibrate"	"manual"	"manual"	"manual"	"calibrate"	"calibrate"	"manual"	"manual"
1		1	"Gamma_01"	1	"Gamma"	1	"express"	1	2	0	"PMT_G01_A"		"PMT_G01_B"		"express"	1	12	0	"G-1"	"P-1"		1.2	1.2		0	1.5	1.5	"express"	1	12	1	"D-1"	"P-1"		1.2	1.2		0	1.5	1.5	50	25	50	0	0	0	0	0	25000	0.1	0	0	0		0	10	40	"137Cs"	20	38	22	15	20	24	20	0	0	0	10	20	100	0	30	50	2	1	4	7	41	300	4096	1	50	5000	-1000	1000	-30	30	50	90	100	200	210	750	-20	-20	-10	-10	-1000	-40	5	5	500	-100	100	-3	3	5	9	10	20	21	75	-2	-2	-1	-1	-100	-4	5	1	0	35	2	4	0.02	0.08	0.14	0.26	"no"	20	0	0	0	0	0	0.3	0.6	0.2	0.4	0.2	0.4	10	8	4096	4096	2048	0.1	256					5	4096
2		2	"Gamma_02"	1	"Gamma"	2	"express"	1	2	1	"PMT_G02_A"		"PMT_G02_B"		"express"	1	12	2	"G-2"	"P-1"		1.2	1.2		0	1.5	1.5	"express"	1	12	3	"D-2"	"P-1"		1.2	1.2		0	1.5	1.5	50	25	50	0	0	0	0	0	25000	0.1	0	0	0		0	10	40	"137Cs"	20	38	22	15	20	24	20	0	0	0	10	20	100	0	30	50	2	1	4	7	41	300	4096	1	50	5000	-1000	1000	-30	30	50	90	100	200	210	750	-20	-20	-10	-10	-1000	-40	5	5	500	-100	100	-3	3	5	9	10	20	21	75	-2	-2	-1	-1	-100	-4	5	1	0	35	2	4	0.02	0.08	0.14	0.26	"no"	20	0	0	0	0	0	0.3	0.6	0.2	0.4	0.2	0.4	10	8	4096	4096	2048	0.1	256					5	4096
3		3	"Gamma_03"	1	"Gamma"	3	"express"	1	2	2	"PMT_G03_A"		"PMT_G03_B"		"express"	1	12	4	"G-3"	"P-1"		1.2	1.2		0	1.5	1.5	"express"	1	12	5	"D-3"	"P-1"		1.2	1.2		0	1.5	1.5	50	25	50	0	0	0	0	0	25000	0.1	0	0	0		0	10	40	"137Cs"	20	38	22	15	20	24	20	0	0	0	10	20	100	0	30	50	2	1	4	7	41	300	4096	1	50	5000	-1000	1000	-30	30	50	90	100	200	210	750	-20	-20	-10	-10	-1000	-40	5	5	500	-100	100	-3	3	5	9	10	20	21	75	-2	-2	-1	-1	-100	-4	5	1	0	35	2	4	0.02	0.08	0.14	0.26	"no"	20	0	0	0	0	0	0.3	0.6	0.2	0.4	0.2	0.4	10	8	4096	4096	2048	0.1	256					5	4096
4		4	"Gamma_04"	1	"Gamma"	4	"express"	1	2	3	"PMT_G04_A"		"PMT_G04_B"		"express"	1	12	6	"G-4"	"P-1"		1.2	1.2		0	1.5	1.5	"express"	1	12	7	"D-4"	"P-1"		1.2	1.2		0	1.5	1.5	50	25	50	0	0	0	0	0	25000	0.1	0	0	0		0	10	40	"137Cs"	20	38	22	15	20	24	20	0	0	0	10	20	100	0	30	50	2	1	4	7	41	300	4096	1	50	5000	-1000	1000	-30	30	50	90	100	200	210	750	-20	-20	-10	-10	-1000	-40	5	5	500	-100	100	-3	3	5	9	10	20	21	75	-2	-2	-1	-1	-100	-4	5	1	0	35	2	4	0.02	0.08	0.14	0.26	"no"	20	0	0	0	0	0	0.3	0.6	0.2	0.4	0.2	0.4	10	8	4096	4096	2048	0.1	256					5	4096
5		5	"Gamma_05"	1	"Gamma"	5	"express"	1	2	4	"PMT_G05_A"		"PMT_G05_B"		"express"	1	12	8	"G-5"	"P-1"		1.2	1.2		0	1.5	1.5	"express"	1	12	9	"D-5"	"P-1"		1.2	1.2		0	1.5	1.5	50	25	50	0	0	0	0	0	25000	0.1	0	0	0		0	10	40	"137Cs"	20	38	22	15	20	24	20	0	0	0	10	20	100	0	30	50	2	1	4	7	41	300	4096	1	50	5000	-1000	1000	-30	30	50	90	100	200	210	750	-20	-20	-10	-10	-1000	-40	5	5	500	-100	100	-3	3	5	9	10	20	21	75	-2	-2	-1	-1	-100	-4	5	1	0	35	2	4	0.02	0.08	0.14	0.26	"no"	20	0	0	0	0	0	0.3	0.6	0.2	0.4	0.2	0.4	10	8	4096	4096	2048	0.1	256					5	4096
6		6	"Gamma_06"	1	"Gamma"	6	"express"	1	2	5	"PMT_G06_A"		"PMT_G06_B"		"express"	1	12	10	"G-6"	"P-1"		1.2	1.2		0	1.5	1.5	"express"	1	12	11	"D-6"	"P-1"		1.2	1.2		0	1.5	1.5	50	25	50	0	0	0	0	0	25000	0.1	0	0	0		0	10	40	"137Cs"	20	38	22	15	20	24	20	0	0	0	10	20	100	0	30	50	2	1	4	7	41	300	4096	1	50	5000	-1000	1000	-30	30	50	90	100	200	210	750	-20	-20	-10	-10	-1000	-40	5	5	500	-100	100	-3	3	5	9	10	20	21	75	-2	-2	-1	-1	-100	-4	5	1	0	35	2	4	0.02	0.08	0.14	0.26	"no"	20	0	0	0	0	0	0.3	0.6	0.2	0.4	0.2	0.4	10	8	4096	4096	2048	0.1	256					5	4096
7		7	"Gamma_07"	1	"Gamma"	7	"express"	1	2	6	"PMT_G07_A"		"PMT_G07_B"		"express"	1	12	12	"G-7"	"P-1"		1.2	1.2		0	1.5	1.5	"express"	1	12	13	"D-7"	"P-1"		1.2	1.2		0	1.5	1.5	50	25	50	0	0	0	0	0	25000	0.1	0	0	0		0	10	40	"137Cs"	20	38	22	15	20	24	20	0	0	0	10	20	100	0	30	50	2	1	4	7	41	300	4096	1	50	5000	-1000	1000	-30	30	50	90	100	200	210	750	-20	-20	-10	-10	-1000	-40	5	5	500	-100	100	-3	3	5	9	10	20	21	75	-2	-2	-1	-1	-100	-4	5	1	0	35	2	4	0.02	0.08	0.14	0.26	"no"	20	0	0	0	0	0	0.3	0.6	0.2	0.4	0.2	0.4	10	8	4096	4096	2048	0.1	256					5	4096
8		8	"Gamma_08"	1	"Gamma"	8	"express"	1	2	7	"PMT_G08_A"		"PMT_G08_B"		"express"	1	12	14	"G-8"	"P-1"		1.2	1.2		0	1.5	1.5	"express"	1	12	15	"D-8"	"P-1"		1.2	1.2		0	1.5	1.5	50	25	50	0	0	0	0	0	25000	0.1	0	0	0		0	10	40	"137Cs"	20	38	22	15	20	24	20	0	0	0	10	20	100	0	30	50	2	1	4	7	41	300	4096	1	50	5000	-1000	1000	-30	30	50	90	100	200	210	750	-20	-20	-10	-10	-1000	-40	5	5	500	-100	100	-3	3	5	9	10	20	21	75	-2	-2	-1	-1	-100	-4	5	1	0	35	2	4	0.02	0.08	0.14	0.26	"no"	20	0	0	0	0	0	0.3	0.6	0.2	0.4	0.2	0.4	10	8	4096	4096	2048	0.1	256					5	4096
9		9	"Gamma_09"	1	"Gamma"	9	"express"	1	3	0	"PMT_G09_A"		"PMT_G09_B"		"express"	1	12	16	"G-9"	"P-1"		1.2	1.2		0	1.5	1.5	"express"	1	12	17	"D-9"	"P-1"		1.2	1.2		0	1.5	1.5	50	25	50	0	0	0	0	0	25000	0.1	0	0	0		0	10	40	"137Cs"	20	38	22	15	20	24	20	0	0	0	10	20	100	0	30	50	2	1	4	7	41	300	4096	1	50	5000	-1000	1000	-30	30	50	90	100	200	210	750	-20	-20	-10	-10	-1000	-40	5	5	500	-100	100	-3	3	5	9	10	20	21	75	-2	-2	-1	-1	-100	-4	5	1	0	35	2	4	0.02	0.08	0.14	0.26	"no"	20	0	0	0	0	0	0.3	0.6	0.2	0.4	0.2	0.4	10	8	4096	4096	2048	0.1	256					5	4096
10		10	"Gamma_10"	1	"Gamma"	10	"express"	1	3	1	"PMT_G10_A"		"PMT_G10_B"		"express"	1	12	18	"G-10"	"P-1"		1.2	1.2		0	1.5	1.5	"express"	1	12	19	"D-10"	"P-1"		1.2	1.2		0	1.5	1.5	50	25	50	0	0	0	0	0	25000	0.1	0	0	0		0	10	40	"137Cs"	20	38	22	15	20	24	20	0	0	0	10	20	100	0	30	50	2	1	4	7	41	300	4096	1	50	5000	-1000	1000	-30	30	50	90	100	200	210	750	-20	-20	-10	-10	-1000	-40	5	5	500	-100	100	-3	3	5	9	10	20	21	75	-2	-2	-1	-1	-100	-4	5	1	0	35	2	4	0.02	0.08	0.14	0.26	"no"	20	0	0	0	0	0	0.3	0.6	0.2	0.4	0.2	0.4	10	8	4096	4096	2048	0.1	256					5	4096
11		11	"Gamma_11"	1	"Gamma"	11	"express"	1	3	2	"PMT_G11_A"		"PMT_G11_B"		"express"	1	12	20	"G-11"	"P-1"		1.2	1.2		0	1.5	1.5	"express"	1	12	21	"D-11"	"P-1"		1.2	1.2		0	1.5	1.5	50	25	50	0	0	0	0	0	25000	0.1	0	0	0		0	10	40	"137Cs"	20	38	22	15	20	24	20	0	0	0	10	20	100	0	30	50	2	1	4	7	41	300	4096	1	50	5000	-1000	1000	-30	30	50	90	100	200	210	750	-20	-20	-10	-10	-1000	-40	5	5	500	-100	100	-3	3	5	9	10	20	21	75	-2	-2	-1	-1	-100	-4	5	1	0	35	2	4	0.02	0.08	0.14	0.26	"no"	20	0	0	0	0	0	0.3	0.6	0.2	0.4	0.2	0.4	10	8	4096	4096	2048	0.1	256					5	4096
12		12	"Gamma_12"	1	"Gamma"	12	"express"	1	3	3	"PMT_G12_A"		"PMT_G12_B"		"express"	1	12	22	"G-12"	"P-1"		1.2	1.2		0	1.5	1.5	"express"	1	12	23	"D-12"	"P-1"		1.2	1.2		0	1.5	1.5	50	25	50	0	0	0	0	0	25000	0.1	0	0	0		0	10	40	"137Cs"	20	38	22	15	20	24	20	0	0	0	10	20	100	0	30	50	2	1	4	7	41	300	4096	1	50	5000	-1000	1000	-30	30	50	90	100	200	210	750	-20	-20	-10	-10	-1000	-40	5	5	500	-100	100	-3	3	5	9	10	20	21	75	-2	-2	-1	-1	-100	-4	5	1	0	35	2	4	0.02	0.08	0.14	0.26	"no"	20	0	0	0	0	0	0.3	0.6	0.2	0.4	0.2	0.4	10	8	4096	4096	2048	0.1	256					5	4096
13		13	"Gamma_L_01"	1	"G_long"	1	"express"	1	3	4	"PMT_GL01_A"		"PMT_GL01_B"		"express"	1	12	0	"G-13"	"P-2"		1.2	1.2		0	1.5	1.5	"express"	1	12	1	"D-13"	"P-2"		1.2	1.2		0	1.5	1.5	50	25	50	0	0	0	0	0	25000	0.1	0	0	0		0	10	40	"137Cs"	20	38	22	15	20	24	20	0	0	0	10	20	100	0	30	50	2	1	4	7	41	300	4096	1	50	5000	-1000	1000	-30	30	50	90	100	200	210	750	-20	-20	-10	-10	-1000	-40	5	5	500	-100	100	-3	3	5	9	10	20	21	75	-2	-2	-1	-1	-100	-4	5	1	0	35	2	4	0.02	0.08	0.14	0.26	"no"	20	0	0	0	0	0	0.3	0.6	0.2	0.4	0.2	0.4	10	8	4096	4096	2048	0.1	256					5	4096
14		14	"Gamma_L_02"	1	"G_long"	2	"express"	1	3	5	"PMT_GL02_A"		"PMT_GL02_B"		"express"	1	13	2	"G-14"	"P-2"		1.2	1.2		0	1.5	1.5	"express"	1	13	3	"D-14"	"P-2"		1.2	1.2		0	1.5	1.5	50	25	50	0	0	0	0	0	25000	0.1	0	0	0		0	10	40	"137Cs"	20	38	22	15	20	24	20	0	0	0	10	20	100	0	30	50	2	1	4	7	41	300	4096	1	50	5000	-1000	1000	-30	30	50	90	100	200	210	750	-20	-20	-10	-10	-1000	-40	5	5	500	-100	100	-3	3	5	9	10	20	21	75	-2	-2	-1	-1	-100	-4	5	1	0	35	2	4	0.02	0.08	0.14	0.26	"no"	20	0	0	0	0	0	0.3	0.6	0.2	0.4	0.2	0.4	10	8	4096	4096	2048	0.1	256					5	4096
15		15	"Gamma_L_03"	1	"G_long"	3	"express"	1	3	6	"PMT_GL03_A"		"PMT_GL03_B"		"express"	1	13	4	"G-15"	"P-2"		1.2	1.2		0	1.5	1.5	"express"	1	13	5	"D-15"	"P-2"		1.2	1.2		0	1.5	1.5	50	25	50	0	0	0	0	0	25000	0.1	0	0	0		0	10	40	"137Cs"	20	38	22	15	20	24	20	0	0	0	10	20	100	0	30	50	2	1	4	7	41	300	4096	1	50	5000	-1000	1000	-30	30	50	90	100	200	210	750	-20	-20	-10	-10	-1000	-40	5	5	500	-100	100	-3	3	5	9	10	20	21	75	-2	-2	-1	-1	-100	-4	5	1	0	35	2	4	0.02	0.08	0.14	0.26	"no"	20	0	0	0	0	0	0.3	0.6	0.2	0.4	0.2	0.4	10	8	4096	4096	2048	0.1	256					5	4096
16		16	"Gamma_L_04"	1	"G_long"	4	"express"	1	3	7	"PMT_GL04_A"		"PMT_GL04_B"		"express"	1	13	6	"G-16"	"P-2"		1.2	1.2		0	1.5	1.5	"express"	1	13	7	"D-16"	"P-2"		1.2	1.2		0	1.5	1.5	50	25	50	0	0	0	0	0	25000	0.1	0	0	0		0	10	40	"137Cs"	20	38	22	15	20	24	20	0	0	0	10	20	100	0	30	50	2	1	4	7	41	300	4096	1	50	5000	-1000	1000	-30	30	50	90	100	200	210	750	-20	-20	-10	-10	-1000	-40	5	5	500	-100	100	-3	3	5	9	10	20	21	75	-2	-2	-1	-1	-100	-4	5	1	0	35	2	4	0.02	0.08	0.14	0.26	"no"	20	0	0	0	0	0	0.3	0.6	0.2	0.4	0.2	0.4	10	8	4096	4096	2048	0.1	256					5	4096
17		17	"Gamma_L_05"	1	"G_long"	5	"express"	1	4	0	"PMT_GL05_A"		"PMT_GL05_B"		"express"	1	13	8	"G-17"	"P-2"		1.2	1.2		0	1.5	1.5	"express"	1	13	9	"D-17"	"P-2"		1.2	1.2		0	1.5	1.5	50	25	50	0	0	0	0	0	25000	0.1	0	0	0		0	10	40	"137Cs"	20	38	22	15	20	24	20	0	0	0	10	20	100	0	30	50	2	1	4	7	41	300	4096	1	50	5000	-1000	1000	-30	30	50	90	100	200	210	750	-20	-20	-10	-10	-1000	-40	5	5	500	-100	100	-3	3	5	9	10	20	21	75	-2	-2	-1	-1	-100	-4	5	1	0	35	2	4	0.02	0.08	0.14	0.26	"no"	20	0	0	0	0	0	0.3	0.6	0.2	0.4	0.2	0.4	10	8	4096	4096	2048	0.1	256					5	4096
18		18	"Gamma_L_06"	1	"G_long"	6	"express"	1	4	1	"PMT_GL06_A"		"PMT_GL06_B"		"express"	1	13	10	"G-18"	"P-2"		1.2	1.2		0	1.5	1.5	"express"	1	13	11	"D-18"	"P-2"		1.2	1.2		0	1.5	1.5	50	25	50	0	0	0	0	0	25000	0.1	0	0	0		0	10	40	"137Cs"	20	38	22	15	20	24	20	0	0	0	10	20	100	0	30	50	2	1	4	7	41	300	4096	1	50	5000	-1000	1000	-30	30	50	90	100	200	210	750	-20	-20	-10	-10	-1000	-40	5	5	500	-100	100	-3	3	5	9	10	20	21	75	-2	-2	-1	-1	-100	-4	5	1	0	35	2	4	0.02	0.08	0.14	0.26	"no"	20	0	0	0	0	0	0.3	0.6	0.2	0.4	0.2	0.4	10	8	4096	4096	2048	0.1	256					5	4096
19		19	"Gamma_L_07"	1	"G_long"	7	"express"	1	4	2	"PMT_GL07_A"		"PMT_GL07_B"		"express"	1	13	12	"G-19"	"P-2"		1.2	1.2		0	1.5	1.5	"express"	1	13	13	"D-19"	"P-2"		1.2	1.2		0	1.5	1.5	50	25	50	0	0	0	0	0	25000	0.1	0	0	0		0	10	40	"137Cs"	20	38	22	15	20	24	20	0	0	0	10	20	100	0	30	50	2	1	4	7	41	300	4096	1	50	5000	-1000	1000	-30	30	50	90	100	200	210	750	-20	-20	-10	-10	-1000	-40	5	5	500	-100	100	-3	3	5	9	10	20	21	75	-2	-2	-1	-1	-100	-4	5	1	0	35	2	4	0.02	0.08	0.14	0.26	"no"	20	0	0	0	0	0	0.3	0.6	0.2	0.4	0.2	0.4	10	8	4096	4096	2048	0.1	256					5	4096
20		20	"Gamma_L_08"	1	"G_long"	8	"express"	1	4	3	"PMT_GL08_A"		"PMT_GL08_B"		"express"	1	13	14	"G-20"	"P-2"		1.2	1.2		0	1.5	1.5	"express"	1	13	15	"D-20"	"P-2"		1.2	1.2		0	1.5	1.5	50	25	50	0	0	0	0	0	25000	0.1	0	0	0		0	10	40	"137Cs"	20	38	22	15	20	24	20	0	0	0	10	20	100	0	30	50	2	1	4	7	41	300	4096	1	50	5000	-1000	1000	-30	30	50	90	100	200	210	750	-20	-20	-10	-10	-1000	-40	5	5	500	-100	100	-3	3	5	9	10	20	21	75	-2	-2	-1	-1	-100	-4	5	1	0	35	2	4	0.02	0.08	0.14	0.26	"no"	20	0	0	0	0	0	0.3	0.6	0.2	0.4	0.2	0.4	10	8	4096	4096	2048	0.1	256					5	4096
21		21	"Gamma_L_09"	1	"G_long"	9	"express"	1	4	4	"PMT_GL09_A"		"PMT_GL09_B"		"express"	1	13	16	"G-21"	"P-2"		1.2	1.2		0	1.5	1.5	"express"	1	13	17	"D-21"	"P-2"		1.2	1.2		0	1.5	1.5	50	25	50	0	0	0	0	0	25000	0.1	0	0	0		0	10	40	"137Cs"	20	38	22	15	20	24	20	0	0	0	10	20	100	0	30	50	2	1	4	7	41	300	4096	1	50	5000	-1000	1000	-30	30	50	90	100	200	210	750	-20	-20	-10	-10	-1000	-40	5	5	500	-100	100	-3	3	5	9	10	20	21	75	-2	-2	-1	-1	-100	-4	5	1	0	35	2	4	0.02	0.08	0.14	0.26	"no"	20	0	0	0	0	0	0.3	0.6	0.2	0.4	0.2	0.4	10	8	4096	4096	2048	0.1	256					5	4096
22		22	"Gamma_L_10"	1	"G_long"	10	"express"	1	4	5	"PMT_GL10_A"		"PMT_GL10_B"		"express"	1	13	18	"G-22"	"P-2"		1.2	1.2		0	1.5	1.5	"express"	1	13	19	"D-22"	"P-2"		1.2	1.2		0	1.5	1.5	50	25	50	0	0	0	0	0	25000	0.1	0	0	0		0	10	40	"137Cs"	20	38	22	15	20	24	20	0	0	0	10	20	100	0	30	50	2	1	4	7	41	300	4096	1	50	5000	-1000	1000	-30	30	50	90	100	200	210	750	-20	-20	-10	-10	-1000	-40	5	5	500	-100	100	-3	3	5	9	10	20	21	75	-2	-2	-1	-1	-100	-4	5	1	0	35	2	4	0.02	0.08	0.14	0.26	"no"	20	0	0	0	0	0	0.3	0.6	0.2	0.4	0.2	0.4	10	8	4096	4096	2048	0.1	256					5	4096
23		23	"Gamma_L_11"	1	"G_long"	11	"express"	1	4	6	"PMT_GL11_A"		"PMT_GL11_B"		"express"	1	13	20	"G-23"	"P-2"		1.2	1.2		0	1.5	1.5	"express"	1	13	21	"D-23"	"P-2"		1.2	1.2		0	1.5	1.5	50	25	50	0	0	0	0	0	25000	0.1	0	0	0		0	10	40	"137Cs"	20	38	22	15	20	24	20	0	0	0	10	20	100	0	30	50	2	1	4	7	41	300	4096	1	50	5000	-1000	1000	-30	30	50	90	100	200	210	750	-20	-20	-10	-10	-1000	-40	5	5	500	-100	100	-3	3	5	9	10	20	21	75	-2	-2	-1	-1	-100	-4	5	1	0	35	2	4	0.02	0.08	0.14	0.26	"no"	20	0	0	0	0	0	0.3	0.6	0.2	0.4	0.2	0.4	10	8	4096	4096	2048	0.1	256					5	4096
24		24	"Gamma_L_12"	1	"G_long"	12	"express"	1	4	7	"PMT_GL12_A"		"PMT_GL12_B"		"express"	1	13	22	"G-24"	"P-2"		1.2	1.2		0	1.5	1.5	"express"	1	13	23	"D-24"	"P-2"		1.2	1.2		0	1.5	1.5	50	25	50	0	0	0	0	0	25000	0.1	0	0	0		0	10	40	"137Cs"	20	38	22	15	20	24	20	0	0	0	10	20	100	0	30	50	2	1	4	7	41	300	4096	1	50	5000	-1000	1000	-30	30	50	90	100	200	210	750	-20	-20	-10	-10	-1000	-40	5	5	500	-100	100	-3	3	5	9	10	20	21	75	-2	-2	-1	-1	-100	-4	5	1	0	35	2	4	0.02	0.08	0.14	0.26	"no"	20	0	0	0	0	0	0.3	0.6	0.2	0.4	0.2	0.4	10	8	4096	4096	2048	0.1	256					5	4096
25		25	"Muon_01"	1	"Muon"	1	"express"	1	4	0	"PMT_Mu01_A"				"express"	1	13	0	"G-25"	"P-3"		1.2	1.2		0	1.5	1.5											0	1.5			25	50	0	0	0	0	0	25000	0.1	0	0	0		0	10	40	"137Cs"	20	38	22	15	20	24	20	0	0	0	10	20	100	0	30	50	2	1	4	7	41	300	4096	1	50	5000	-1000	1000	-30	30	50	90	100	200	210	750	-20	-20	-10	-10	-1000	-40	5	5	500	-100	100	-3	3	5	9	10	20	21	75	-2	-2	-1	-1	-100	-4	5	1	0	35	2	4	0.02	0.08	0.14	0.26	"no"	20	0	0	0	0	0	0.3	0.6	0.2	0.4	0.2	0.4	10	8	4096	4096	2048	0.1	256					5	4096
26		26	"Muon_02"	1	"Muon"	2	"express"	1	5	1	"PMT_Mu02_A"				"express"	1	13	2	"G-26"	"P-3"		1.2	1.2		0	1.5	1.5											0	1.5			25	50	0	0	0	0	0	25000	0.1	0	0	0		0	10	40	"137Cs"	20	38	22	15	20	24	20	0	0	0	10	20	100	0	30	50	2	1	4	7	41	300	4096	1	50	5000	-1000	1000	-30	30	50	90	100	200	210	750	-20	-20	-10	-10	-1000	-40	5	5	500	-100	100	-3	3	5	9	10	20	21	75	-2	-2	-1	-1	-100	-4	5	1	0	35	2	4	0.02	0.08	0.14	0.26	"no"	20	0	0	0	0	0	0.3	0.6	0.2	0.4	0.2	0.4	10	8	4096	4096	2048	0.1	256					5	4096
27		27	"Muon_03"	1	"Muon"	3	"express"	1	5	2	"PMT_Mu03_A"				"express"	1	14	4	"G-27"	"P-3"		1.2	1.2		0	1.5	1.5											0	1.5			25	50	0	0	0	0	0	25000	0.1	0	0	0		0	10	40	"137Cs"	20	38	22	15	20	24	20	0	0	0	10	20	100	0	30	50	2	1	4	7	41	300	4096	1	50	5000	-1000	1000	-30	30	50	90	100	200	210	750	-20	-20	-10	-10	-1000	-40	5	5	500	-100	100	-3	3	5	9	10	20	21	75	-2	-2	-1	-1	-100	-4	5	1	0	35	2	4	0.02	0.08	0.14	0.26	"no"	20	0	0	0	0	0	0.3	0.6	0.2	0.4	0.2	0.4	10	8	4096	4096	2048	0.1	256					5	4096
28		28	"Muon_04"	1	"Muon"	4	"express"	1	5	3	"PMT_Mu04_A"				"express"	1	14	6	"G-28"	"P-3"		1.2	1.2		0	1.5	1.5											0	1.5			25	50	0	0	0	0	0	25000	0.1	0	0	0		0	10	40	"137Cs"	20	38	22	15	20	24	20	0	0	0	10	20	100	0	30	50	2	1	4	7	41	300	4096	1	50	5000	-1000	1000	-30	30	50	90	100	200	210	750	-20	-20	-10	-10	-1000	-40	5	5	500	-100	100	-3	3	5	9	10	20	21	75	-2	-2	-1	-1	-100	-4	5	1	0	35	2	4	0.02	0.08	0.14	0.26	"no"	20	0	0	0	0	0	0.3	0.6	0.2	0.4	0.2	0.4	10	8	4096	4096	2048	0.1	256					5	4096
29		29	"Muon_05"	1	"Muon"	5	"express"	1	5	4	"PMT_Mu05_A"				"express"	1	14	8	"G-29"	"P-3"		1.2	1.2		0	1.5	1.5											0	1.5			25	50	0	0	0	0	0	25000	0.1	0	0	0		0	10	40	"137Cs"	20	38	22	15	20	24	20	0	0	0	10	20	100	0	30	50	2	1	4	7	41	300	4096	1	50	5000	-1000	1000	-30	30	50	90	100	200	210	750	-20	-20	-10	-10	-1000	-40	5	5	500	-100	100	-3	3	5	9	10	20	21	75	-2	-2	-1	-1	-100	-4	5	1	0	35	2	4	0.02	0.08	0.14	0.26	"no"	20	0	0	0	0	0	0.3	0.6	0.2	0.4	0.2	0.4	10	8	4096	4096	2048	0.1	256					5	4096
30		30	"Muon_06"	1	"Muon"	6	"express"	1	5	5	"PMT_Mu06_A"				"express"	1	14	10	"G-30"	"P-3"		1.2	1.2		0	1.5	1.5											0	1.5			25	50	0	0	0	0	0	25000	0.1	0	0	0		0	10	40	"137Cs"	20	38	22	15	20	24	20	0	0	0	10	20	100	0	30	50	2	1	4	7	41	300	4096	1	50	5000	-1000	1000	-30	30	50	90	100	200	210	750	-20	-20	-10	-10	-1000	-40	5	5	500	-100	100	-3	3	5	9	10	20	21	75	-2	-2	-1	-1	-100	-4	5	1	0	35	2	4	0.02	0.08	0.14	0.26	"no"	20	0	0	0	0	0	0.3	0.6	0.2	0.4	0.2	0.4	10	8	4096	4096	2048	0.1	256					5	4096
31		31	"Muon_07"	1	"Muon"	7	"express"	1	5	6	"PMT_Mu07_A"				"express"	1	14	12	"G-31"	"P-3"		1.2	1.2		0	1.5	1.5											0	1.5			25	50	0	0	0	0	0	25000	0.1	0	0	0		0	10	40	"137Cs"	20	38	22	15	20	24	20	0	0	0	10	20	100	0	30	50	2	1	4	7	41	300	4096	1	50	5000	-1000	1000	-30	30	50	90	100	200	210	750	-20	-20	-10	-10	-1000	-40	5	5	500	-100	100	-3	3	5	9	10	20	21	75	-2	-2	-1	-1	-100	-4	5	1	0	35	2	4	0.02	0.08	0.14	0.26	"no"	20	0	0	0	0	0	0.3	0.6	0.2	0.4	0.2	0.4	10	8	4096	4096	2048	0.1	256					5	4096
32		32	"Muon_08"	1	"Muon"	8	"express"	1	5	7	"PMT_Mu08_A"				"express"	1	14	14	"G-32"	"P-3"		1.2	1.2		0	1.5	1.5											0	1.5			25	50	0	0	0	0	0	25000	0.1	0	0	0		0	10	40	"137Cs"	20	38	22	15	20	24	20	0	0	0	10	20	100	0	30	50	2	1	4	7	41	300	4096	1	50	5000	-1000	1000	-30	30	50	90	100	200	210	750	-20	-20	-10	-10	-1000	-40	5	5	500	-100	100	-3	3	5	9	10	20	21	75	-2	-2	-1	-1	-100	-4	5	1	0	35	2	4	0.02	0.08	0.14	0.26	"no"	20	0	0	0	0	0	0.3	0.6	0.2	0.4	0.2	0.4	10	8	4096	4096	2048	0.1	256					5	4096
33		33	"Muon_09"	1	"Muon"	9	"express"	1	6	0	"PMT_Mu09_A"				"express"	1	14	16	"G-33"	"P-3"		1.2	1.2		0	1.5	1.5											0	1.5			25	50	0	0	0	0	0	25000	0.1	0	0	0		0	10	40	"137Cs"	20	38	22	15	20	24	20	0	0	0	10	20	100	0	30	50	2	1	4	7	41	300	4096	1	50	5000	-1000	1000	-30	30	50	90	100	200	210	750	-20	-20	-10	-10	-1000	-40	5	5	500	-100	100	-3	3	5	9	10	20	21	75	-2	-2	-1	-1	-100	-4	5	1	0	35	2	4	0.02	0.08	0.14	0.26	"no"	20	0	0	0	0	0	0.3	0.6	0.2	0.4	0.2	0.4	10	8	4096	4096	2048	0.1	256					5	4096
34		34	"Muon_10"	1	"Muon"	10	"express"	1	6	1	"PMT_Mu10_A"				"express"	1	14	18	"G-34"	"P-3"		1.2	1.2		0	1.5	1.5											0	1.5			25	50	0	0	0	0	0	25000	0.1	0	0	0		0	10	40	"137Cs"	20	38	22	15	20	24	20	0	0	0	10	20	100	0	30	50	2	1	4	7	41	300	4096	1	50	5000	-1000	1000	-30	30	50	90	100	200	210	750	-20	-20	-10	-10	-1000	-40	5	5	500	-100	100	-3	3	5	9	10	20	21	75	-2	-2	-1	-1	-100	-4	5	1	0	35	2	4	0.02	0.08	0.14	0.26	"no"	20	0	0	0	0	0	0.3	0.6	0.2	0.4	0.2	0.4	10	8	4096	4096	2048	0.1	256					5	4096
35		35	"Muon_11"	1	"Muon"	11	"express"	1	6	2	"PMT_Mu11_A"				"express"	1	14	20	"G-35"	"P-3"		1.2	1.2		0	1.5	1.5											0	1.5			25	50	0	0	0	0	0	25000	0.1	0	0	0		0	10	40	"137Cs"	20	38	22	15	20	24	20	0	0	0	10	20	100	0	30	50	2	1	4	7	41	300	4096	1	50	5000	-1000	1000	-30	30	50	90	100	200	210	750	-20	-20	-10	-10	-1000	-40	5	5	500	-100	100	-3	3	5	9	10	20	21	75	-2	-2	-1	-1	-100	-4	5	1	0	35	2	4	0.02	0.08	0.14	0.26	"no"	20	0	0	0	0	0	0.3	0.6	0.2	0.4	0.2	0.4	10	8	4096	4096	2048	0.1	256					5	4096
36		36	"Muon_12"	1	"Muon"	12	"express"	1	6	3	"PMT_Mu12_A"				"express"	1	14	22	"G-36"	"P-3"		1.2	1.2		0	1.5	1.5											0	1.5			25	50	0	0	0	0	0	25000	0.1	0	0	0		0	10	40	"137Cs"	20	38	22	15	20	24	20	0	0	0	10	20	100	0	30	50	2	1	4	7	41	300	4096	1	50	5000	-1000	1000	-30	30	50	90	100	200	210	750	-20	-20	-10	-10	-1000	-40	5	5	500	-100	100	-3	3	5	9	10	20	21	75	-2	-2	-1	-1	-100	-4	5	1	0	35	2	4	0.02	0.08	0.14	0.26	"no"	20	0	0	0	0	0	0.3	0.6	0.2	0.4	0.2	0.4	10	8	4096	4096	2048	0.1	256					5	4096
37		37	"Muon_13"	1	"Muon"	13	"express"	1	6	4	"PMT_Mu13_A"				"express"	1	14	24	"G-37"	"P-3"		1.2	1.2		0	1.5	1.5											0	1.5			25	50	0	0	0	0	0	25000	0.1	0	0	0		0	10	40	"137Cs"	20	38	22	15	20	24	20	0	0	0	10	20	100	0	30	50	2	1	4	7	41	300	4096	1	50	5000	-1000	1000	-30	30	50	90	100	200	210	750	-20	-20	-10	-10	-1000	-40	5	5	500	-100	100	-3	3	5	9	10	20	21	75	-2	-2	-1	-1	-100	-4	5	1	0	35	2	4	0.02	0.08	0.14	0.26	"no"	20	0	0	0	0	0	0.3	0.6	0.2	0.4	0.2	0.4	10	8	4096	4096	2048	0.1	256					5	4096
38		38	"Muon_14"	1	"Muon"	14	"express"	1	6	5	"PMT_Mu14_A"				"express"	1	14	26	"G-38"	"P-3"		1.2	1.2		0	1.5	1.5											0	1.5			25	50	0	0	0	0	0	25000	0.1	0	0	0		0	10	40	"137Cs"	20	38	22	15	20	24	20	0	0	0	10	20	100	0	30	50	2	1	4	7	41	300	4096	1	50	5000	-1000	1000	-30	30	50	90	100	200	210	750	-20	-20	-10	-10	-1000	-40	5	5	500	-100	100	-3	3	5	9	10	20	21	75	-2	-2	-1	-1	-100	-4	5	1	0	35	2	4	0.02	0.08	0.14	0.26	"no"	20	0	0	0	0	0	0.3	0.6	0.2	0.4	0.2	0.4	10	8	4096	4096	2048	0.1	256					5	4096
39		39	"Muon_15"	1	"Muon"	15	"express"	1	6	6	"PMT_Mu15_A"				"express"	1	14	28	"G-39"	"P-3"		1.2	1.2		0	1.5	1.5											0	1.5			25	50	0	0	0	0	0	25000	0.1	0	0	0		0	10	40	"137Cs"	20	38	22	15	20	24	20	0	0	0	10	20	100	0	30	50	2	1	4	7	41	300	4096	1	50	5000	-1000	1000	-30	30	50	90	100	200	210	750	-20	-20	-10	-10	-1000	-40	5	5	500	-100	100	-3	3	5	9	10	20	21	75	-2	-2	-1	-1	-100	-4	5	1	0	35	2	4	0.02	0.08	0.14	0.26	"no"	20	0	0	0	0	0	0.3	0.6	0.2	0.4	0.2	0.4	10	8	4096	4096	2048	0.1	256					5	4096
40		40	"Muon_16"	1	"Muon"	16	"express"	1	6	7	"PMT_Mu16_A"				"express"	1	14	30	"G-40"	"P-3"		1.2	1.2		0	1.5	1.5											0	1.5			25	50	0	0	0	0	0	25000	0.1	0	0	0		0	10	40	"137Cs"	20	38	22	15	20	24	20	0	0	0	10	20	100	0	30	50	2	1	4	7	41	300	4096	1	50	5000	-1000	1000	-30	30	50	90	100	200	210	750	-20	-20	-10	-10	-1000	-40	5	5	500	-100	100	-3	3	5	9	10	20	21	75	-2	-2	-1	-1	-100	-4	5	1	0	35	2	4	0.02	0.08	0.14	0.26	"no"	20	0	0	0	0	0	0.3	0.6	0.2	0.4	0.2	0.4	10	8	4096	4096	2048	0.1	256					5	4096
41		41	"Muon_17"	1	"Muon"	17	"express"	1	7	0	"PMT_Mu17_A"				"express"	1	13	24	"G-41"	"P-2"		1.2	1.2		0	1.5	1.5											0	1.5			25	50	0	0	0	0	0	25000	0.1	0	0	0		0	10	40	"137Cs"	20	38	22	15	20	24	20	0	0	0	10	20	100	0	30	50	2	1	4	7	41	300	4096	1	50	5000	-1000	1000	-30	30	50	90	100	200	210	750	-20	-20	-10	-10	-1000	-40	5	5	500	-100	100	-3	3	5	9	10	20	21	75	-2	-2	-1	-1	-100	-4	5	1	0	35	2	4	0.02	0.08	0.14	0.26	"no"	20	0	0	0	0	0	0.3	0.6	0.2	0.4	0.2	0.4	10	8	4096	4096	2048	0.1	256					5	4096
42		42	"Muon_18"	1	"Muon"	18	"express"	1	7	1	"PMT_Mu18_A"				"express"	1	13	26	"G-42"	"P-2"		1.2	1.2		0	1.5	1.5											0	1.5			25	50	0	0	0	0	0	25000	0.1	0	0	0		0	10	40	"137Cs"	20	38	22	15	20	24	20	0	0	0	10	20	100	0	30	50	2	1	4	7	41	300	4096	1	50	5000	-1000	1000	-30	30	50	90	100	200	210	750	-20	-20	-10	-10	-1000	-40	5	5	500	-100	100	-3	3	5	9	10	20	21	75	-2	-2	-1	-1	-100	-4	5	1	0	35	2	4	0.02	0.08	0.14	0.26	"no"	20	0	0	0	0	0	0.3	0.6	0.2	0.4	0.2	0.4	10	8	4096	4096	2048	0.1	256					5	4096
43		43	"3HE_01"	1	"3He"	1	"express"	1	2	8																																400	600	0	0	0	0	0	25000	0.1	0	0	0		0	10	40	"137Cs"	20	38	22	15	20	24	20	0	0	0	10	20	100	0	30	50	2	1	4	7	41	300	4096	1	50	5000	-1000	1000	-30	30	50	90	100	200	210	750	-20	-20	-10	-10	-1000	-40	5	5	500	-100	100	-3	3	5	9	10	20	21	75	-2	-2	-1	-1	-100	-4	5	1	0	35	2	4	0.02	0.08	0.14	0.26	"no"	20	0	0	0	0	0	0.3	0.6	0.2	0.4	0.2	0.4	10	8	4096	4096	2048	0.1	256					5	4096
44		44	"3HE_02"	1	"3He"	2	"express"	1	2	9																																400	600	0	0	0	0	0	25000	0.1	0	0	0		0	10	40	"137Cs"	20	38	22	15	20	24	20	0	0	0	10	20	100	0	30	50	2	1	4	7	41	300	4096	1	50	5000	-1000	1000	-30	30	50	90	100	200	210	750	-20	-20	-10	-10	-1000	-40	5	5	500	-100	100	-3	3	5	9	10	20	21	75	-2	-2	-1	-1	-100	-4	5	1	0	35	2	4	0.02	0.08	0.14	0.26	"no"	20	0	0	0	0	0	0.3	0.6	0.2	0.4	0.2	0.4	10	8	4096	4096	2048	0.1	256					5	4096
45		45	"3HE_03"	1	"3He"	3	"express"	1	2	10	"3He_CW01_A"				"express"	1	12	24		"P-1"		1.4	1.4			1.5	1.5												1.5			400	600	0	0	0	0	0	25000	0.1	0	0	0		0	10	40	"137Cs"	20	38	22	15	20	24	20	0	0	0	10	20	100	0	30	50	2	1	4	7	41	300	4096	1	50	5000	-1000	1000	-30	30	50	90	100	200	210	750	-20	-20	-10	-10	-1000	-40	5	5	500	-100	100	-3	3	5	9	10	20	21	75	-2	-2	-1	-1	-100	-4	5	1	0	35	2	4	0.02	0.08	0.14	0.26	"no"	20	0	0	0	0	0	0.3	0.6	0.2	0.4	0.2	0.4	10	8	4096	4096	2048	0.1	256					5	4096
46		46	"3HE_04"	1	"3He"	4	"express"	1	2	11																																400	600	0	0	0	0	0	25000	0.1	0	0	0		0	10	40	"137Cs"	20	38	22	15	20	24	20	0	0	0	10	20	100	0	30	50	2	1	4	7	41	300	4096	1	50	5000	-1000	1000	-30	30	50	90	100	200	210	750	-20	-20	-10	-10	-1000	-40	5	5	500	-100	100	-3	3	5	9	10	20	21	75	-2	-2	-1	-1	-100	-4	5	1	0	35	2	4	0.02	0.08	0.14	0.26	"no"	20	0	0	0	0	0	0.3	0.6	0.2	0.4	0.2	0.4	10	8	4096	4096	2048	0.1	256					5	4096
47		47	"3HE_05"	1	"3He"	5	"express"	1	2	12																																400	600	0	0	0	0	0	25000	0.1	0	0	0		0	10	40	"137Cs"	20	38	22	15	20	24	20	0	0	0	10	20	100	0	30	50	2	1	4	7	41	300	4096	1	50	5000	-1000	1000	-30	30	50	90	100	200	210	750	-20	-20	-10	-10	-1000	-40	5	5	500	-100	100	-3	3	5	9	10	20	21	75	-2	-2	-1	-1	-100	-4	5	1	0	35	2	4	0.02	0.08	0.14	0.26	"no"	20	0	0	0	0	0	0.3	0.6	0.2	0.4	0.2	0.4	10	8	4096	4096	2048	0.1	256					5	4096
48		48	"3HE_06"	1	"3He"	6	"express"	1	2	13																																400	600	0	0	0	0	0	25000	0.1	0	0	0		0	10	40	"137Cs"	20	38	22	15	20	24	20	0	0	0	10	20	100	0	30	50	2	1	4	7	41	300	4096	1	50	5000	-1000	1000	-30	30	50	90	100	200	210	750	-20	-20	-10	-10	-1000	-40	5	5	500	-100	100	-3	3	5	9	10	20	21	75	-2	-2	-1	-1	-100	-4	5	1	0	35	2	4	0.02	0.08	0.14	0.26	"no"	20	0	0	0	0	0	0.3	0.6	0.2	0.4	0.2	0.4	10	8	4096	4096	2048	0.1	256					5	4096
49		49	"3HE_07"	1	"3He"	7	"express"	1	2	14																																400	600	0	0	0	0	0	25000	0.1	0	0	0		0	10	40	"137Cs"	20	38	22	15	20	24	20	0	0	0	10	20	100	0	30	50	2	1	4	7	41	300	4096	1	50	5000	-1000	1000	-30	30	50	90	100	200	210	750	-20	-20	-10	-10	-1000	-40	5	5	500	-100	100	-3	3	5	9	10	20	21	75	-2	-2	-1	-1	-100	-4	5	1	0	35	2	4	0.02	0.08	0.14	0.26	"no"	20	0	0	0	0	0	0.3	0.6	0.2	0.4	0.2	0.4	10	8	4096	4096	2048	0.1	256					5	4096
50		50	"3HE_08"	1	"3He"	8	"express"	1	2	15			"3He_CW01_A"															"express"	1	12	25		"P-1"		1.4	1.4				1.5		400	600	0	0	0	0	0	25000	0.1	0	0	0		0	10	40	"137Cs"	20	38	22	15	20	24	20	0	0	0	10	20	100	0	30	50	2	1	4	7	41	300	4096	1	50	5000	-1000	1000	-30	30	50	90	100	200	210	750	-20	-20	-10	-10	-1000	-40	5	5	500	-100	100	-3	3	5	9	10	20	21	75	-2	-2	-1	-1	-100	-4	5	1	0	35	2	4	0.02	0.08	0.14	0.26	"no"	20	0	0	0	0	0	0.3	0.6	0.2	0.4	0.2	0.4	10	8	4096	4096	2048	0.1	256					5	4096
51		51	"3HE_09"	1	"3He"	9	"express"	1	3	8																																400	600	0	0	0	0	0	25000	0.1	0	0	0		0	10	40	"137Cs"	20	38	22	15	20	24	20	0	0	0	10	20	100	0	30	50	2	1	4	7	41	300	4096	1	50	5000	-1000	1000	-30	30	50	90	100	200	210	750	-20	-20	-10	-10	-1000	-40	5	5	500	-100	100	-3	3	5	9	10	20	21	75	-2	-2	-1	-1	-100	-4	5	1	0	35	2	4	0.02	0.08	0.14	0.26	"no"	20	0	0	0	0	0	0.3	0.6	0.2	0.4	0.2	0.4	10	8	4096	4096	2048	0.1	256					5	4096
52		52	"3HE_10"	1	"3He"	10	"express"	1	3	9																																400	600	0	0	0	0	0	25000	0.1	0	0	0		0	10	40	"137Cs"	20	38	22	15	20	24	20	0	0	0	10	20	100	0	30	50	2	1	4	7	41	300	4096	1	50	5000	-1000	1000	-30	30	50	90	100	200	210	750	-20	-20	-10	-10	-1000	-40	5	5	500	-100	100	-3	3	5	9	10	20	21	75	-2	-2	-1	-1	-100	-4	5	1	0	35	2	4	0.02	0.08	0.14	0.26	"no"	20	0	0	0	0	0	0.3	0.6	0.2	0.4	0.2	0.4	10	8	4096	4096	2048	0.1	256					5	4096
53		53	"3HE_11"	1	"3He"	11	"express"	1	3	10																																400	600	0	0	0	0	0	25000	0.1	0	0	0		0	10	40	"137Cs"	20	38	22	15	20	24	20	0	0	0	10	20	100	0	30	50	2	1	4	7	41	300	4096	1	50	5000	-1000	1000	-30	30	50	90	100	200	210	750	-20	-20	-10	-10	-1000	-40	5	5	500	-100	100	-3	3	5	9	10	20	21	75	-2	-2	-1	-1	-100	-4	5	1	0	35	2	4	0.02	0.08	0.14	0.26	"no"	20	0	0	0	0	0	0.3	0.6	0.2	0.4	0.2	0.4	10	8	4096	4096	2048	0.1	256					5	4096
54		54	"3HE_12"	1	"3He"	12	"express"	1	3	11																																400	600	0	0	0	0	0	25000	0.1	0	0	0		0	10	40	"137Cs"	20	38	22	15	20	24	20	0	0	0	10	20	100	0	30	50	2	1	4	7	41	300	4096	1	50	5000	-1000	1000	-30	30	50	90	100	200	210	750	-20	-20	-10	-10	-1000	-40	5	5	500	-100	100	-3	3	5	9	10	20	21	75	-2	-2	-1	-1	-100	-4	5	1	0	35	2	4	0.02	0.08	0.14	0.26	"no"	20	0	0	0	0	0	0.3	0.6	0.2	0.4	0.2	0.4	10	8	4096	4096	2048	0.1	256					5	4096
55		55	"3HE_13"	1	"3He"	13	"express"	1	3	12	"3He_CW01_B"				"express"	1	12	26		"P-1"		1.4	1.4			1.5	1.5												1.5			400	600	0	0	0	0	0	25000	0.1	0	0	0		0	10	40	"137Cs"	20	38	22	15	20	24	20	0	0	0	10	20	100	0	30	50	2	1	4	7	41	300	4096	1	50	5000	-1000	1000	-30	30	50	90	100	200	210	750	-20	-20	-10	-10	-1000	-40	5	5	500	-100	100	-3	3	5	9	10	20	21	75	-2	-2	-1	-1	-100	-4	5	1	0	35	2	4	0.02	0.08	0.14	0.26	"no"	20	0	0	0	0	0	0.3	0.6	0.2	0.4	0.2	0.4	10	8	4096	4096	2048	0.1	256					5	4096
56		56	"3HE_14"	1	"3He"	14	"express"	1	3	13																																400	600	0	0	0	0	0	25000	0.1	0	0	0		0	10	40	"137Cs"	20	38	22	15	20	24	20	0	0	0	10	20	100	0	30	50	2	1	4	7	41	300	4096	1	50	5000	-1000	1000	-30	30	50	90	100	200	210	750	-20	-20	-10	-10	-1000	-40	5	5	500	-100	100	-3	3	5	9	10	20	21	75	-2	-2	-1	-1	-100	-4	5	1	0	35	2	4	0.02	0.08	0.14	0.26	"no"	20	0	0	0	0	0	0.3	0.6	0.2	0.4	0.2	0.4	10	8	4096	4096	2048	0.1	256					5	4096
57		57	"3HE_15"	1	"3He"	15	"express"	1	3	14																																400	600	0	0	0	0	0	25000	0.1	0	0	0		0	10	40	"137Cs"	20	38	22	15	20	24	20	0	0	0	10	20	100	0	30	50	2	1	4	7	41	300	4096	1	50	5000	-1000	1000	-30	30	50	90	100	200	210	750	-20	-20	-10	-10	-1000	-40	5	5	500	-100	100	-3	3	5	9	10	20	21	75	-2	-2	-1	-1	-100	-4	5	1	0	35	2	4	0.02	0.08	0.14	0.26	"no"	20	0	0	0	0	0	0.3	0.6	0.2	0.4	0.2	0.4	10	8	4096	4096	2048	0.1	256					5	4096
58		58	"3HE_16"	1	"3He"	16	"express"	1	3	15																																400	600	0	0	0	0	0	25000	0.1	0	0	0		0	10	40	"137Cs"	20	38	22	15	20	24	20	0	0	0	10	20	100	0	30	50	2	1	4	7	41	300	4096	1	50	5000	-1000	1000	-30	30	50	90	100	200	210	750	-20	-20	-10	-10	-1000	-40	5	5	500	-100	100	-3	3	5	9	10	20	21	75	-2	-2	-1	-1	-100	-4	5	1	0	35	2	4	0.02	0.08	0.14	0.26	"no"	20	0	0	0	0	0	0.3	0.6	0.2	0.4	0.2	0.4	10	8	4096	4096	2048	0.1	256					5	4096
59		59	"3HE_17"	1	"3He"	17	"express"	1	4	8																																400	600	0	0	0	0	0	25000	0.1	0	0	0		0	10	40	"137Cs"	20	38	22	15	20	24	20	0	0	0	10	20	100	0	30	50	2	1	4	7	41	300	4096	1	50	5000	-1000	1000	-30	30	50	90	100	200	210	750	-20	-20	-10	-10	-1000	-40	5	5	500	-100	100	-3	3	5	9	10	20	21	75	-2	-2	-1	-1	-100	-4	5	1	0	35	2	4	0.02	0.08	0.14	0.26	"no"	20	0	0	0	0	0	0.3	0.6	0.2	0.4	0.2	0.4	10	8	4096	4096	2048	0.1	256					5	4096
60		60	"3HE_18"	1	"3He"	18	"express"	1	4	9			"3He_CW02_B"															"express"	1	12	27		"P-1"		1.4	1.4				1.5		400	600	0	0	0	0	0	25000	0.1	0	0	0		0	10	40	"137Cs"	20	38	22	15	20	24	20	0	0	0	10	20	100	0	30	50	2	1	4	7	41	300	4096	1	50	5000	-1000	1000	-30	30	50	90	100	200	210	750	-20	-20	-10	-10	-1000	-40	5	5	500	-100	100	-3	3	5	9	10	20	21	75	-2	-2	-1	-1	-100	-4	5	1	0	35	2	4	0.02	0.08	0.14	0.26	"no"	20	0	0	0	0	0	0.3	0.6	0.2	0.4	0.2	0.4	10	8	4096	4096	2048	0.1	256					5	4096
61		61	"3HE_19"	1	"3He"	19	"express"	1	4	10																																400	600	0	0	0	0	0	25000	0.1	0	0	0		0	10	40	"137Cs"	20	38	22	15	20	24	20	0	0	0	10	20	100	0	30	50	2	1	4	7	41	300	4096	1	50	5000	-1000	1000	-30	30	50	90	100	200	210	750	-20	-20	-10	-10	-1000	-40	5	5	500	-100	100	-3	3	5	9	10	20	21	75	-2	-2	-1	-1	-100	-4	5	1	0	35	2	4	0.02	0.08	0.14	0.26	"no"	20	0	0	0	0	0	0.3	0.6	0.2	0.4	0.2	0.4	10	8	4096	4096	2048	0.1	256					5	4096
62		62	"3HE_20"	1	"3He"	20	"express"	1	4	11																																400	600	0	0	0	0	0	25000	0.1	0	0	0		0	10	40	"137Cs"	20	38	22	15	20	24	20	0	0	0	10	20	100	0	30	50	2	1	4	7	41	300	4096	1	50	5000	-1000	1000	-30	30	50	90	100	200	210	750	-20	-20	-10	-10	-1000	-40	5	5	500	-100	100	-3	3	5	9	10	20	21	75	-2	-2	-1	-1	-100	-4	5	1	0	35	2	4	0.02	0.08	0.14	0.26	"no"	20	0	0	0	0	0	0.3	0.6	0.2	0.4	0.2	0.4	10	8	4096	4096	2048	0.1	256					5	4096
63		63	"3HE_21"	1	"3He"	21	"express"	1	4	12																																400	600	0	0	0	0	0	25000	0.1	0	0	0		0	10	40	"137Cs"	20	38	22	15	20	24	20	0	0	0	10	20	100	0	30	50	2	1	4	7	41	300	4096	1	50	5000	-1000	1000	-30	30	50	90	100	200	210	750	-20	-20	-10	-10	-1000	-40	5	5	500	-100	100	-3	3	5	9	10	20	21	75	-2	-2	-1	-1	-100	-4	5	1	0	35	2	4	0.02	0.08	0.14	0.26	"no"	20	0	0	0	0	0	0.3	0.6	0.2	0.4	0.2	0.4	10	8	4096	4096	2048	0.1	256					5	4096
64		64	"3HE_22"	1	"3He"	22	"express"	1	4	13																																400	600	0	0	0	0	0	25000	0.1	0	0	0		0	10	40	"137Cs"	20	38	22	15	20	24	20	0	0	0	10	20	100	0	30	50	2	1	4	7	41	300	4096	1	50	5000	-1000	1000	-30	30	50	90	100	200	210	750	-20	-20	-10	-10	-1000	-40	5	5	500	-100	100	-3	3	5	9	10	20	21	75	-2	-2	-1	-1	-100	-4	5	1	0	35	2	4	0.02	0.08	0.14	0.26	"no"	20	0	0	0	0	0	0.3	0.6	0.2	0.4	0.2	0.4	10	8	4096	4096	2048	0.1	256					5	4096
65		65	"3HE_23"	1	"3He"	23	"express"	1	4	14	"3He_CW03_A"				"express"	1	12	28		"P-1"		1.4	1.4			1.5	1.5												1.5			400	600	0	0	0	0	0	25000	0.1	0	0	0		0	10	40	"137Cs"	20	38	22	15	20	24	20	0	0	0	10	20	100	0	30	50	2	1	4	7	41	300	4096	1	50	5000	-1000	1000	-30	30	50	90	100	200	210	750	-20	-20	-10	-10	-1000	-40	5	5	500	-100	100	-3	3	5	9	10	20	21	75	-2	-2	-1	-1	-100	-4	5	1	0	35	2	4	0.02	0.08	0.14	0.26	"no"	20	0	0	0	0	0	0.3	0.6	0.2	0.4	0.2	0.4	10	8	4096	4096	2048	0.1	256					5	4096
66		66	"3HE_24"	1	"3He"	24	"express"	1	4	15																																400	600	0	0	0	0	0	25000	0.1	0	0	0		0	10	40	"137Cs"	20	38	22	15	20	24	20	0	0	0	10	20	100	0	30	50	2	1	4	7	41	300	4096	1	50	5000	-1000	1000	-30	30	50	90	100	200	210	750	-20	-20	-10	-10	-1000	-40	5	5	500	-100	100	-3	3	5	9	10	20	21	75	-2	-2	-1	-1	-100	-4	5	1	0	35	2	4	0.02	0.08	0.14	0.26	"no"	20	0	0	0	0	0	0.3	0.6	0.2	0.4	0.2	0.4	10	8	4096	4096	2048	0.1	256					5	4096
67		67	"3HE_25"	1	"3He"	25	"express"	1	5	8																																400	600	0	0	0	0	0	25000	0.1	0	0	0		0	10	40	"137Cs"	20	38	22	15	20	24	20	0	0	0	10	20	100	0	30	50	2	1	4	7	41	300	4096	1	50	5000	-1000	1000	-30	30	50	90	100	200	210	750	-20	-20	-10	-10	-1000	-40	5	5	500	-100	100	-3	3	5	9	10	20	21	75	-2	-2	-1	-1	-100	-4	5	1	0	35	2	4	0.02	0.08	0.14	0.26	"no"	20	0	0	0	0	0	0.3	0.6	0.2	0.4	0.2	0.4	10	8	4096	4096	2048	0.1	256					5	4096
68		68	"3HE_26"	1	"3He"	26	"express"	1	5	9																																400	600	0	0	0	0	0	25000	0.1	0	0	0		0	10	40	"137Cs"	20	38	22	15	20	24	20	0	0	0	10	20	100	0	30	50	2	1	4	7	41	300	4096	1	50	5000	-1000	1000	-30	30	50	90	100	200	210	750	-20	-20	-10	-10	-1000	-40	5	5	500	-100	100	-3	3	5	9	10	20	21	75	-2	-2	-1	-1	-100	-4	5	1	0	35	2	4	0.02	0.08	0.14	0.26	"no"	20	0	0	0	0	0	0.3	0.6	0.2	0.4	0.2	0.4	10	8	4096	4096	2048	0.1	256					5	4096
69		69	"3HE_27"	1	"3He"	27	"express"	1	5	10																																400	600	0	0	0	0	0	25000	0.1	0	0	0		0	10	40	"137Cs"	20	38	22	15	20	24	20	0	0	0	10	20	100	0	30	50	2	1	4	7	41	300	4096	1	50	5000	-1000	1000	-30	30	50	90	100	200	210	750	-20	-20	-10	-10	-1000	-40	5	5	500	-100	100	-3	3	5	9	10	20	21	75	-2	-2	-1	-1	-100	-4	5	1	0	35	2	4	0.02	0.08	0.14	0.26	"no"	20	0	0	0	0	0	0.3	0.6	0.2	0.4	0.2	0.4	10	8	4096	4096	2048	0.1	256					5	4096
70		70	"3HE_28"	1	"3He"	28	"express"	1	5	11			"3He_CW03_B"															"express"	1	12	29		"P-1"		1.4	1.4				1.5		400	600	0	0	0	0	0	25000	0.1	0	0	0		0	10	40	"137Cs"	20	38	22	15	20	24	20	0	0	0	10	20	100	0	30	50	2	1	4	7	41	300	4096	1	50	5000	-1000	1000	-30	30	50	90	100	200	210	750	-20	-20	-10	-10	-1000	-40	5	5	500	-100	100	-3	3	5	9	10	20	21	75	-2	-2	-1	-1	-100	-4	5	1	0	35	2	4	0.02	0.08	0.14	0.26	"no"	20	0	0	0	0	0	0.3	0.6	0.2	0.4	0.2	0.4	10	8	4096	4096	2048	0.1	256					5	4096
71		71	"3HE_29"	1	"3He"	29	"express"	1	5	12																																400	600	0	0	0	0	0	25000	0.1	0	0	0		0	10	40	"137Cs"	20	38	22	15	20	24	20	0	0	0	10	20	100	0	30	50	2	1	4	7	41	300	4096	1	50	5000	-1000	1000	-30	30	50	90	100	200	210	750	-20	-20	-10	-10	-1000	-40	5	5	500	-100	100	-3	3	5	9	10	20	21	75	-2	-2	-1	-1	-100	-4	5	1	0	35	2	4	0.02	0.08	0.14	0.26	"no"	20	0	0	0	0	0	0.3	0.6	0.2	0.4	0.2	0.4	10	8	4096	4096	2048	0.1	256					5	4096
72		72	"3HE_30"	1	"3He"	30	"express"	1	5	13																																400	600	0	0	0	0	0	25000	0.1	0	0	0		0	10	40	"137Cs"	20	38	22	15	20	24	20	0	0	0	10	20	100	0	30	50	2	1	4	7	41	300	4096	1	50	5000	-1000	1000	-30	30	50	90	100	200	210	750	-20	-20	-10	-10	-1000	-40	5	5	500	-100	100	-3	3	5	9	10	20	21	75	-2	-2	-1	-1	-100	-4	5	1	0	35	2	4	0.02	0.08	0.14	0.26	"no"	20	0	0	0	0	0	0.3	0.6	0.2	0.4	0.2	0.4	10	8	4096	4096	2048	0.1	256					5	4096
73		73	"3HE_31"	1	"3He"	31	"express"	1	5	14																																400	600	0	0	0	0	0	25000	0.1	0	0	0		0	10	40	"137Cs"	20	38	22	15	20	24	20	0	0	0	10	20	100	0	30	50	2	1	4	7	41	300	4096	1	50	5000	-1000	1000	-30	30	50	90	100	200	210	750	-20	-20	-10	-10	-1000	-40	5	5	500	-100	100	-3	3	5	9	10	20	21	75	-2	-2	-1	-1	-100	-4	5	1	0	35	2	4	0.02	0.08	0.14	0.26	"no"	20	0	0	0	0	0	0.3	0.6	0.2	0.4	0.2	0.4	10	8	4096	4096	2048	0.1	256					5	4096
74		74	"3HE_32"	1	"3He"	32	"express"	1	5	15																																400	600	0	0	0	0	0	25000	0.1	0	0	0		0	10	40	"137Cs"	20	38	22	15	20	24	20	0	0	0	10	20	100	0	30	50	2	1	4	7	41	300	4096	1	50	5000	-1000	1000	-30	30	50	90	100	200	210	750	-20	-20	-10	-10	-1000	-40	5	5	500	-100	100	-3	3	5	9	10	20	21	75	-2	-2	-1	-1	-100	-4	5	1	0	35	2	4	0.02	0.08	0.14	0.26	"no"	20	0	0	0	0	0	0.3	0.6	0.2	0.4	0.2	0.4	10	8	4096	4096	2048	0.1	256					5	4096
75		75	"3HE_33"	1	"3He"	33	"express"	1	6	8	"3He_CW04_A"				"express"	1	12	30		"P-1"		1.4	1.4			1.5	1.5												1.5			400	600	0	0	0	0	0	25000	0.1	0	0	0		0	10	40	"137Cs"	20	38	22	15	20	24	20	0	0	0	10	20	100	0	30	50	2	1	4	7	41	300	4096	1	50	5000	-1000	1000	-30	30	50	90	100	200	210	750	-20	-20	-10	-10	-1000	-40	5	5	500	-100	100	-3	3	5	9	10	20	21	75	-2	-2	-1	-1	-100	-4	5	1	0	35	2	4	0.02	0.08	0.14	0.26	"no"	20	0	0	0	0	0	0.3	0.6	0.2	0.4	0.2	0.4	10	8	4096	4096	2048	0.1	256					5	4096
76		76	"3HE_34"	1	"3He"	34	"express"	1	6	9																																400	600	0	0	0	0	0	25000	0.1	0	0	0		0	10	40	"137Cs"	20	38	22	15	20	24	20	0	0	0	10	20	100	0	30	50	2	1	4	7	41	300	4096	1	50	5000	-1000	1000	-30	30	50	90	100	200	210	750	-20	-20	-10	-10	-1000	-40	5	5	500	-100	100	-3	3	5	9	10	20	21	75	-2	-2	-1	-1	-100	-4	5	1	0	35	2	4	0.02	0.08	0.14	0.26	"no"	20	0	0	0	0	0	0.3	0.6	0.2	0.4	0.2	0.4	10	8	4096	4096	2048	0.1	256					5	4096
77		77	"3HE_35"	1	"3He"	35	"express"	1	6	10																																400	600	0	0	0	0	0	25000	0.1	0	0	0		0	10	40	"137Cs"	20	38	22	15	20	24	20	0	0	0	10	20	100	0	30	50	2	1	4	7	41	300	4096	1	50	5000	-1000	1000	-30	30	50	90	100	200	210	750	-20	-20	-10	-10	-1000	-40	5	5	500	-100	100	-3	3	5	9	10	20	21	75	-2	-2	-1	-1	-100	-4	5	1	0	35	2	4	0.02	0.08	0.14	0.26	"no"	20	0	0	0	0	0	0.3	0.6	0.2	0.4	0.2	0.4	10	8	4096	4096	2048	0.1	256					5	4096
78		78	"3HE_36"	1	"3He"	36	"express"	1	6	11																																400	600	0	0	0	0	0	25000	0.1	0	0	0		0	10	40	"137Cs"	20	38	22	15	20	24	20	0	0	0	10	20	100	0	30	50	2	1	4	7	41	300	4096	1	50	5000	-1000	1000	-30	30	50	90	100	200	210	750	-20	-20	-10	-10	-1000	-40	5	5	500	-100	100	-3	3	5	9	10	20	21	75	-2	-2	-1	-1	-100	-4	5	1	0	35	2	4	0.02	0.08	0.14	0.26	"no"	20	0	0	0	0	0	0.3	0.6	0.2	0.4	0.2	0.4	10	8	4096	4096	2048	0.1	256					5	4096
79		79	"3HE_37"	1	"3He"	37	"express"	1	6	12																																400	600	0	0	0	0	0	25000	0.1	0	0	0		0	10	40	"137Cs"	20	38	22	15	20	24	20	0	0	0	10	20	100	0	30	50	2	1	4	7	41	300	4096	1	50	5000	-1000	1000	-30	30	50	90	100	200	210	750	-20	-20	-10	-10	-1000	-40	5	5	500	-100	100	-3	3	5	9	10	20	21	75	-2	-2	-1	-1	-100	-4	5	1	0	35	2	4	0.02	0.08	0.14	0.26	"no"	20	0	0	0	0	0	0.3	0.6	0.2	0.4	0.2	0.4	10	8	4096	4096	2048	0.1	256					5	4096
80		80	"3HE_38"	1	"3He"	38	"express"	1	6	13			"3He_CW04_B"																1	12	31		"P-1"		1.4	1.4				1.5		400	600	0	0	0	0	0	25000	0.1	0	0	0		0	10	40	"137Cs"	20	38	22	15	20	24	20	0	0	0	10	20	100	0	30	50	2	1	4	7	41	300	4096	1	50	5000	-1000	1000	-30	30	50	90	100	200	210	750	-20	-20	-10	-10	-1000	-40	5	5	500	-100	100	-3	3	5	9	10	20	21	75	-2	-2	-1	-1	-100	-4	5	1	0	35	2	4	0.02	0.08	0.14	0.26	"no"	20	0	0	0	0	0	0.3	0.6	0.2	0.4	0.2	0.4	10	8	4096	4096	2048	0.1	256					5	4096
81		81	"3HE_39"	1	"3He"	39	"express"	1	6	14																																400	600	0	0	0	0	0	25000	0.1	0	0	0		0	10	40	"137Cs"	20	38	22	15	20	24	20	0	0	0	10	20	100	0	30	50	2	1	4	7	41	300	4096	1	50	5000	-1000	1000	-30	30	50	90	100	200	210	750	-20	-20	-10	-10	-1000	-40	5	5	500	-100	100	-3	3	5	9	10	20	21	75	-2	-2	-1	-1	-100	-4	5	1	0	35	2	4	0.02	0.08	0.14	0.26	"no"	20	0	0	0	0	0	0.3	0.6	0.2	0.4	0.2	0.4	10	8	4096	4096	2048	0.1	256					5	4096
82		82	"3HE_40"	1	"3He"	40	"express"	1	6	15																																400	600	0	0	0	0	0	25000	0.1	0	0	0		0	10	40	"137Cs"	20	38	22	15	20	24	20	0	0	0	10	20	100	0	30	50	2	1	4	7	41	300	4096	1	50	5000	-1000	1000	-30	30	50	90	100	200	210	750	-20	-20	-10	-10	-1000	-40	5	5	500	-100	100	-3	3	5	9	10	20	21	75	-2	-2	-1	-1	-100	-4	5	1	0	35	2	4	0.02	0.08	0.14	0.26	"no"	20	0	0	0	0	0	0.3	0.6	0.2	0.4	0.2	0.4	10	8	4096	4096	2048	0.1	256					5	4096
83		83	"Ge-1"	1	"Ge"	1	"express"	1	7	2																																																																																																																																																	
84		84	"Ge-2"	1	"Ge"	2	"express"	1	7	3																																																																																																																																																	
85		85	"NaI-1"	1	"NaI"	1	"express"	1	7	4																																																																																																																																																	
86		86	"NaI-2"	1	"NaI"	2	"express"	1	7	5																																																																																																																																																	
87		87	"RFQ-on"	1	"RFQ-on"	1	"express"	1	7	6																																																																																																																																																	
88		88	"RFQ-off"	1	"RFQ-off"	2	"express"	1	7	7																																																																																																																																																	
89		89		0			"express"	1																																																																																																																																																			
90		90		0			"express"	1																																																																																																																																																			
91		91		0			"express"	1																																																																																																																																																			
92		92		0			"express"	1																																																																																																																																																			
93		93		0			"express"	1																																																																																																																																																			
94		94		0			"express"	1																																																																																																																																																			
95		95		0			"express"	1																																																																																																																																																			
96		96		0			"express"	1																																																																																																																																																			
97		97		0																																																																																																																																																							
98		98		0																																																																																																																																																							
99		99		0																																																																																																																																																							
100		100		0																																																																																																																																																							
101		101	"FAST_N_01"	0	"Xylene"	1	"USB_1"	1	3	0	"PMT_N01"				"USB_2"	1																																																									30	50	2	1	4	7	41	300	4096	1	50	5000	-1000	1000	-30	30	50	90	100	200	210	750	-20	-20	-10	-10	-1000	-40																																																		256	256	32	500	5	4096
102		102	"FAST_N_02"	0	"Xylene"	2	"USB_1"	1	3	1	"PMT_N02"				"USB_2"	1																																																									30	50	2	1	4	7	41	300	4096	1	50	5000	-1000	1000	-30	30	50	90	100	200	210	750	-20	-20	-10	-10	-1000	-40																																																		256	256	32	500	5	4096
103		103	"FAST_N_03"	0	"Xylene"	3	"USB_1"	1	3	2	"PMT_N03"				"USB_2"	1																																																									30	50	2	1	4	7	41	300	4096	1	50	5000	-1000	1000	-30	30	50	90	100	200	210	750	-20	-20	-10	-10	-1000	-40																																																		256	256	32	500	5	4096
104		104	"FAST_N_04"	0	"Xylene"	4	"USB_1"	1	3	3	"PMT_N04"				"USB_2"	1																																																									30	50	2	1	4	7	41	300	4096	1	50	5000	-1000	1000	-30	30	50	90	100	200	210	750	-20	-20	-10	-10	-1000	-40																																																		256	256	32	500	5	4096
105		105	"FAST_N_05"	0	"Xylene"	5	"USB_1"	1	3	4	"PMT_N05"				"USB_2"	1																																																									30	50	2	1	4	7	41	300	4096	1	50	5000	-1000	1000	-30	30	50	90	100	200	210	750	-20	-20	-10	-10	-1000	-40																																																		256	256	32	500	5	4096
106		106	"FAST_N_06"	0	"Xylene"	6	"USB_1"	1	3	5	"PMT_N06"				"USB_2"	1																																																									30	50	2	1	4	7	41	300	4096	1	50	5000	-1000	1000	-30	30	50	90	100	200	210	750	-20	-20	-10	-10	-1000	-40																																																		256	256	32	500	5	4096
107		107	"FAST_N_07"	0	"Xylene"	7	"USB_1"	1	3	6	"PMT_N07"				"USB_2"	1																																																									30	50	2	1	4	7	41	300	4096	1	50	5000	-1000	1000	-30	30	50	90	100	200	210	750	-20	-20	-10	-10	-1000	-40																																																		256	256	32	500	5	4096
108		108	"FAST_N_08"	0	"Xylene"	8	"USB_1"	1	3	7	"PMT_N08"				"USB_2"	1																																																									30	50	2	1	4	7	41	300	4096	1	50	5000	-1000	1000	-30	30	50	90	100	200	210	750	-20	-20	-10	-10	-1000	-40																																																		256	256	32	500	5	4096
109		109	"FAST_N_09"	0	"Xylene"	9	"USB_1"	1	4	0	"PMT_N09"				"USB_2"	1																																																									30	50	2	1	4	7	41	300	4096	1	50	5000	-1000	1000	-30	30	50	90	100	200	210	750	-20	-20	-10	-10	-1000	-40																																																		256	256	32	500	5	4096
110		110	"FAST_N_10"	0	"Xylene"	10	"USB_1"	1	4	1	"PMT_N10"				"USB_2"	1																																																									30	50	2	1	4	7	41	300	4096	1	50	5000	-1000	1000	-30	30	50	90	100	200	210	750	-20	-20	-10	-10	-1000	-40																																																		256	256	32	500	5	4096
111		111	"FAST_N_11"	0	"Xylene"	11	"USB_1"	1	4	2	"PMT_N11"				"USB_2"	1																																																									30	50	2	1	4	7	41	300	4096	1	50	5000	-1000	1000	-30	30	50	90	100	200	210	750	-20	-20	-10	-10	-1000	-40																																																		256	256	32	500	5	4096
112		112	"FAST_N_12"	0	"Xylene"	12	"USB_1"	1	4	3	"PMT_N12"				"USB_2"	1																																																									30	50	2	1	4	7	41	300	4096	1	50	5000	-1000	1000	-30	30	50	90	100	200	210	750	-20	-20	-10	-10	-1000	-40																																																		256	256	32	500	5	4096
113		113	"FAST_N_13"	0	"Xylene"	13	"USB_1"	1	4	4	"PMT_N13"				"USB_2"	1																																																									30	50	2	1	4	7	41	300	4096	1	50	5000	-1000	1000	-30	30	50	90	100	200	210	750	-20	-20	-10	-10	-1000	-40																																																		256	256	32	500	5	4096
114		114	"FAST_N_14"	0	"Xylene"	14	"USB_1"	1	4	5	"PMT_N14"				"USB_2"	1																																																									30	50	2	1	4	7	41	300	4096	1	50	5000	-1000	1000	-30	30	50	90	100	200	210	750	-20	-20	-10	-10	-1000	-40																																																		256	256	32	500	5	4096
115		115	"FAST_N_15"	0	"Xylene"	15	"USB_1"	1	4	6	"PMT_N15"				"USB_2"	1																																																									30	50	2	1	4	7	41	300	4096	1	50	5000	-1000	1000	-30	30	50	90	100	200	210	750	-20	-20	-10	-10	-1000	-40																																																		256	256	32	500	5	4096
116		116	"FAST_N_16"	0	"Xylene"	16	"USB_1"	1	4	7	"PMT_N16"				"USB_2"	1																																																									30	50	2	1	4	7	41	300	4096	1	50	5000	-1000	1000	-30	30	50	90	100	200	210	750	-20	-20	-10	-10	-1000	-40																																																		256	256	32	500	5	4096
117		117	"FAST_N_17"	0	"Xylene"	17	"USB_1"	1	5	0	"PMT_N17"				"USB_2"	1																																																									30	50	2	1	4	7	41	300	4096	1	50	5000	-1000	1000	-30	30	50	90	100	200	210	750	-20	-20	-10	-10	-1000	-40																																																		256	256	32	500	5	4096
118		118	"FAST_N_18"	0	"Xylene"	18	"USB_1"	1	5	1	"PMT_N18"				"USB_2"	1																																																									30	50	2	1	4	7	41	300	4096	1	50	5000	-1000	1000	-30	30	50	90	100	200	210	750	-20	-20	-10	-10	-1000	-40																																																		256	256	32	500	5	4096
119		119	"FAST_N_19"	0	"Xylene"	19	"USB_1"	1	5	2	"PMT_N19"				"USB_2"	1																																																									30	50	2	1	4	7	41	300	4096	1	50	5000	-1000	1000	-30	30	50	90	100	200	210	750	-20	-20	-10	-10	-1000	-40																																																		256	256	32	500	5	4096
120		120	"FAST_N_20"	0	"Xylene"	20	"USB_1"	1	5	3	"PMT_N20"				"USB_2"	1																																																									30	50	2	1	4	7	41	300	4096	1	50	5000	-1000	1000	-30	30	50	90	100	200	210	750	-20	-20	-10	-10	-1000	-40																																																		256	256	32	500	5	4096
121		121	"FAST_N_21"	0	"Xylene"	21	"USB_1"	1	5	4	"PMT_N21"				"USB_2"	1																																																									30	50	2	1	4	7	41	300	4096	1	50	5000	-1000	1000	-30	30	50	90	100	200	210	750	-20	-20	-10	-10	-1000	-40																																																		256	256	32	500	5	4096
122		122	"FAST_N_22"	0	"Xylene"	22	"USB_1"	1	5	5	"PMT_N22"				"USB_2"	1																																																									30	50	2	1	4	7	41	300	4096	1	50	5000	-1000	1000	-30	30	50	90	100	200	210	750	-20	-20	-10	-10	-1000	-40																																																		256	256	32	500	5	4096
123		123	"FAST_N_23"	0	"Xylene"	23	"USB_1"	1	5	6	"PMT_N23"				"USB_2"	1																																																									30	50	2	1	4	7	41	300	4096	1	50	5000	-1000	1000	-30	30	50	90	100	200	210	750	-20	-20	-10	-10	-1000	-40																																																		256	256	32	500	5	4096
124		124	"FAST_N_24"	0	"Xylene"	24	"USB_1"	1	5	7	"PMT_N24"				"USB_2"	1																																																									30	50	2	1	4	7	41	300	4096	1	50	5000	-1000	1000	-30	30	50	90	100	200	210	750	-20	-20	-10	-10	-1000	-40																																																		256	256	32	500	5	4096
125		125	"FAST_N_25"	0	"Xylene"	25	"USB_1"	1	6	0	"PMT_N25"				"USB_2"	1																																																									30	50	2	1	4	7	41	300	4096	1	50	5000	-1000	1000	-30	30	50	90	100	200	210	750	-20	-20	-10	-10	-1000	-40																																																		256	256	32	500	5	4096
126		126	"FAST_N_26"	0	"Xylene"	26	"USB_1"	1	6	1	"PMT_N26"				"USB_2"	1																																																									30	50	2	1	4	7	41	300	4096	1	50	5000	-1000	1000	-30	30	50	90	100	200	210	750	-20	-20	-10	-10	-1000	-40																																																		256	256	32	500	5	4096
127		127	"FAST_N_27"	0	"Xylene"	27	"USB_1"	1	6	2	"PMT_N27"				"USB_2"	1																																																									30	50	2	1	4	7	41	300	4096	1	50	5000	-1000	1000	-30	30	50	90	100	200	210	750	-20	-20	-10	-10	-1000	-40																																																		256	256	32	500	5	4096
128		128	"FAST_N_28"	0	"Xylene"	28	"USB_1"	1	6	3	"PMT_N28"				"USB_2"	1																																																									30	50	2	1	4	7	41	300	4096	1	50	5000	-1000	1000	-30	30	50	90	100	200	210	750	-20	-20	-10	-10	-1000	-40																																																		256	256	32	500	5	4096
129		129	"FAST_N_29"	0	"Xylene"	29	"USB_1"	1	6	4	"PMT_N29"				"USB_2"	1																																																									30	50	2	1	4	7	41	300	4096	1	50	5000	-1000	1000	-30	30	50	90	100	200	210	750	-20	-20	-10	-10	-1000	-40																																																		256	256	32	500	5	4096
130		130	"FAST_N_30"	0	"Xylene"	30	"USB_1"	1	6	5	"PMT_N30"				"USB_2"	1																																																									30	50	2	1	4	7	41	300	4096	1	50	5000	-1000	1000	-30	30	50	90	100	200	210	750	-20	-20	-10	-10	-1000	-40																																																		256	256	32	500	5	4096
131		131	"FAST_N_31"	0	"Xylene"	31	"USB_1"	1	6	6	"PMT_N31"				"USB_2"	1																																																									30	50	2	1	4	7	41	300	4096	1	50	5000	-1000	1000	-30	30	50	90	100	200	210	750	-20	-20	-10	-10	-1000	-40																																																		256	256	32	500	5	4096
132		132	"FAST_N_32"	0	"Xylene"	32	"USB_1"	1	6	7	"PMT_N32"				"USB_2"	1																																																									30	50	2	1	4	7	41	300	4096	1	50	5000	-1000	1000	-30	30	50	90	100	200	210	750	-20	-20	-10	-10	-1000	-40																																																		256	256	32	500	5	4096
133		133	"FAST_N_33"	0	"Xylene"	33	"USB_1"	1	7	0	"PMT_N33"				"USB_2"	1																																																									30	50	2	1	4	7	41	300	4096	1	50	5000	-1000	1000	-30	30	50	90	100	200	210	750	-20	-20	-10	-10	-1000	-40																																																		256	256	32	500	5	4096
134		134	"FAST_N_34"	0	"Xylene"	34	"USB_1"	1	7	1	"PMT_N34"				"USB_2"	1																																																									30	50	2	1	4	7	41	300	4096	1	50	5000	-1000	1000	-30	30	50	90	100	200	210	750	-20	-20	-10	-10	-1000	-40																																																		256	256	32	500	5	4096
135		135	"FAST_N_35"	0	"Xylene"	35	"USB_1"	1	7	2	"PMT_N35"				"USB_2"	1																																																									30	50	2	1	4	7	41	300	4096	1	50	5000	-1000	1000	-30	30	50	90	100	200	210	750	-20	-20	-10	-10	-1000	-40																																																		256	256	32	500	5	4096
136		136	"FAST_N_36"	0	"Xylene"	36	"USB_1"	1	7	3	"PMT_N36"				"USB_2"	1																																																									30	50	2	1	4	7	41	300	4096	1	50	5000	-1000	1000	-30	30	50	90	100	200	210	750	-20	-20	-10	-10	-1000	-40																																																		256	256	32	500	5	4096
137		137	"FAST_N_37"	0	"Xylene"	37	"USB_1"	1	7	4	"PMT_N37"				"USB_2"	1																																																									30	50	2	1	4	7	41	300	4096	1	50	5000	-1000	1000	-30	30	50	90	100	200	210	750	-20	-20	-10	-10	-1000	-40																																																		256	256	32	500	5	4096
138		138	"FAST_N_38"	0	"Xylene"	38	"USB_1"	1	7	5	"PMT_N38"				"USB_2"	1																																																									30	50	2	1	4	7	41	300	4096	1	50	5000	-1000	1000	-30	30	50	90	100	200	210	750	-20	-20	-10	-10	-1000	-40																																																		256	256	32	500	5	4096
139		139	"FAST_N_39"	0	"Xylene"	39	"USB_1"	1	7	6	"PMT_N39"				"USB_2"	1																																																									30	50	2	1	4	7	41	300	4096	1	50	5000	-1000	1000	-30	30	50	90	100	200	210	750	-20	-20	-10	-10	-1000	-40																																																		256	256	32	500	5	4096
140		140	"FAST_N_40"	0	"Xylene"	40	"USB_1"	1	7	7	"PMT_N40"				"USB_2"	1																																																									30	50	2	1	4	7	41	300	4096	1	50	5000	-1000	1000	-30	30	50	90	100	200	210	750	-20	-20	-10	-10	-1000	-40																																																		256	256	32	500	5	4096
141		141	"FAST_N_41"	0	"Xylene"	41	"USB_1"	1	8	0	"PMT_N41"				"USB_2"	1																																																									30	50	2	1	4	7	41	300	4096	1	50	5000	-1000	1000	-30	30	50	90	100	200	210	750	-20	-20	-10	-10	-1000	-40																																																		256	256	32	500	5	4096
142		142	"FAST_N_42"	0	"Xylene"	42	"USB_1"	1	8	1	"PMT_N42"				"USB_2"	1																																																									30	50	2	1	4	7	41	300	4096	1	50	5000	-1000	1000	-30	30	50	90	100	200	210	750	-20	-20	-10	-10	-1000	-40																																																		256	256	32	500	5	4096
143		143	"FAST_N_43"	0	"Xylene"	43	"USB_1"	1	8	2	"PMT_N43"				"USB_2"	1																																																									30	50	2	1	4	7	41	300	4096	1	50	5000	-1000	1000	-30	30	50	90	100	200	210	750	-20	-20	-10	-10	-1000	-40																																																		256	256	32	500	5	4096
144		144	"FAST_N_44"	0	"Xylene"	44	"USB_1"	1	8	3	"PMT_N44"				"USB_2"	1																																																									30	50	2	1	4	7	41	300	4096	1	50	5000	-1000	1000	-30	30	50	90	100	200	210	750	-20	-20	-10	-10	-1000	-40																																																		256	256	32	500	5	4096
145		145	"FAST_N_45"	0	"Xylene"	45	"USB_1"	1	8	4	"PMT_N45"				"USB_2"	1																																																									30	50	2	1	4	7	41	300	4096	1	50	5000	-1000	1000	-30	30	50	90	100	200	210	750	-20	-20	-10	-10	-1000	-40																																																		256	256	32	500	5	4096
146		146	"FAST_N_46"	0	"Xylene"	46	"USB_1"	1	8	5	"PMT_N46"				"USB_2"	1																																																									30	50	2	1	4	7	41	300	4096	1	50	5000	-1000	1000	-30	30	50	90	100	200	210	750	-20	-20	-10	-10	-1000	-40																																																		256	256	32	500	5	4096
147		147	"FAST_N_47"	0	"Xylene"	47	"USB_1"	1	8	6	"PMT_N47"				"USB_2"	1																																																									30	50	2	1	4	7	41	300	4096	1	50	5000	-1000	1000	-30	30	50	90	100	200	210	750	-20	-20	-10	-10	-1000	-40																																																		256	256	32	500	5	4096
148		148	"FAST_N_48"	0	"Xylene"	48	"USB_1"	1	8	7	"PMT_N48"				"USB_2"	1																																																									30	50	2	1	4	7	41	300	4096	1	50	5000	-1000	1000	-30	30	50	90	100	200	210	750	-20	-20	-10	-10	-1000	-40																																																		256	256	32	500	5	4096
149		149	"FAST_N_49"	0	"Xylene"	49	"USB_1"	1	9	0	"PMT_N49"				"USB_2"	1																																																									30	50	2	1	4	7	41	300	4096	1	50	5000	-1000	1000	-30	30	50	90	100	200	210	750	-20	-20	-10	-10	-1000	-40																																																		256	256	32	500	5	4096
150		150	"FAST_N_50"	0	"Xylene"	50	"USB_1"	1	9	1	"PMT_N50"				"USB_2"	1																																																									30	50	2	1	4	7	41	300	4096	1	50	5000	-1000	1000	-30	30	50	90	100	200	210	750	-20	-20	-10	-10	-1000	-40																																																		256	256	32	500	5	4096
151		151	"FAST_N_51"	0	"Xylene"	51	"USB_1"	1	9	2	"PMT_N51"				"USB_2"	1																																																									30	50	2	1	4	7	41	300	4096	1	50	5000	-1000	1000	-30	30	50	90	100	200	210	750	-20	-20	-10	-10	-1000	-40																																																		256	256	32	500	5	4096
152		152	"FAST_N_52"	0	"Xylene"	52	"USB_1"	1	9	3	"PMT_N52"				"USB_2"	1																																																									30	50	2	1	4	7	41	300	4096	1	50	5000	-1000	1000	-30	30	50	90	100	200	210	750	-20	-20	-10	-10	-1000	-40																																																		256	256	32	500	5	4096
153		153	"FAST_N_53"	0	"Xylene"	53	"USB_1"	1	9	4	"PMT_N53"				"USB_2"	1																																																									30	50	2	1	4	7	41	300	4096	1	50	5000	-1000	1000	-30	30	50	90	100	200	210	750	-20	-20	-10	-10	-1000	-40																																																		256	256	32	500	5	4096
154		154	"FAST_N_54"	0	"Xylene"	54	"USB_1"	1	9	5	"PMT_N54"				"USB_2"	1																																																									30	50	2	1	4	7	41	300	4096	1	50	5000	-1000	1000	-30	30	50	90	100	200	210	750	-20	-20	-10	-10	-1000	-40																																																		256	256	32	500	5	4096
155		155	"FAST_N_55"	0	"Xylene"	55	"USB_1"	1	9	6	"PMT_N55"				"USB_2"	1																																																									30	50	2	1	4	7	41	300	4096	1	50	5000	-1000	1000	-30	30	50	90	100	200	210	750	-20	-20	-10	-10	-1000	-40																																																		256	256	32	500	5	4096
156		156	"FAST_N_56"	0	"Xylene"	56	"USB_1"	1	9	7	"PMT_N56"				"USB_2"	1																																																									30	50	2	1	4	7	41	300	4096	1	50	5000	-1000	1000	-30	30	50	90	100	200	210	750	-20	-20	-10	-10	-1000	-40																																																		256	256	32	500	5	4096
157		157	"FAST_N_57"	0	"Xylene"	57	"USB_1"	1	10	0	"PMT_N57"				"USB_2"	1																																																									30	50	2	1	4	7	41	300	4096	1	50	5000	-1000	1000	-30	30	50	90	100	200	210	750	-20	-20	-10	-10	-1000	-40																																																		256	256	32	500	5	4096
158		158	"FAST_N_58"	0	"Xylene"	58	"USB_1"	1	10	1	"PMT_N58"				"USB_2"	1																																																									30	50	2	1	4	7	41	300	4096	1	50	5000	-1000	1000	-30	30	50	90	100	200	210	750	-20	-20	-10	-10	-1000	-40																																																		256	256	32	500	5	4096
159		159	"FAST_N_59"	0	"Xylene"	59	"USB_1"	1	10	2	"PMT_N59"				"USB_2"	1																																																									30	50	2	1	4	7	41	300	4096	1	50	5000	-1000	1000	-30	30	50	90	100	200	210	750	-20	-20	-10	-10	-1000	-40																																																		256	256	32	500	5	4096
160		160	"FAST_N_60"	0	"Xylene"	60	"USB_1"	1	10	3	"PMT_N60"				"USB_2"	1																																																									30	50	2	1	4	7	41	300	4096	1	50	5000	-1000	1000	-30	30	50	90	100	200	210	750	-20	-20	-10	-10	-1000	-40																																																		256	256	32	500	5	4096
161		161	"FAST_N_61"	0	"Xylene"	61	"USB_1"	1	10	4	"PMT_N61"				"USB_2"	1																																																									30	50	2	1	4	7	41	300	4096	1	50	5000	-1000	1000	-30	30	50	90	100	200	210	750	-20	-20	-10	-10	-1000	-40																																																		256	256	32	500	5	4096
162		162	"FAST_N_62"	0	"Xylene"	62	"USB_1"	1	10	5	"PMT_N62"				"USB_2"	1																																																									30	50	2	1	4	7	41	300	4096	1	50	5000	-1000	1000	-30	30	50	90	100	200	210	750	-20	-20	-10	-10	-1000	-40																																																		256	256	32	500	5	4096
163		163	"FAST_N_63"	0	"Xylene"	63	"USB_1"	1	10	6	"PMT_N63"				"USB_2"	1																																																									30	50	2	1	4	7	41	300	4096	1	50	5000	-1000	1000	-30	30	50	90	100	200	210	750	-20	-20	-10	-10	-1000	-40																																																		256	256	32	500	5	4096
164		164	"FAST_N_64"	0	"Xylene"	64	"USB_1"	1	10	7	"PMT_N64"				"USB_2"	1																																																									30	50	2	1	4	7	41	300	4096	1	50	5000	-1000	1000	-30	30	50	90	100	200	210	750	-20	-20	-10	-10	-1000	-40																																																		256	256	32	500	5	4096
165		165	"FAST_N_65"	0	"Xylene"	65	"USB_1"	1	11	0	"PMT_N65"				"USB_2"	1																																																									30	50	2	1	4	7	41	300	4096	1	50	5000	-1000	1000	-30	30	50	90	100	200	210	750	-20	-20	-10	-10	-1000	-40																																																		256	256	32	500	5	4096
166		166	"FAST_N_66"	0	"Xylene"	66	"USB_1"	1	11	1	"PMT_N66"				"USB_2"	1																																																									30	50	2	1	4	7	41	300	4096	1	50	5000	-1000	1000	-30	30	50	90	100	200	210	750	-20	-20	-10	-10	-1000	-40																																																		256	256	32	500	5	4096
167		167	"FAST_N_67"	0	"Xylene"	67	"USB_1"	1	11	2	"PMT_N67"				"USB_2"	1																																																									30	50	2	1	4	7	41	300	4096	1	50	5000	-1000	1000	-30	30	50	90	100	200	210	750	-20	-20	-10	-10	-1000	-40																																																		256	256	32	500	5	4096
168		168	"FAST_N_68"	0	"Xylene"	68	"USB_1"	1	11	3	"PMT_N68"				"USB_2"	1																																																									30	50	2	1	4	7	41	300	4096	1	50	5000	-1000	1000	-30	30	50	90	100	200	210	750	-20	-20	-10	-10	-1000	-40																																																		256	256	32	500	5	4096
169		169	"FAST_N_69"	0	"Xylene"	69	"USB_1"	1	11	4	"PMT_N69"				"USB_2"	1																																																									30	50	2	1	4	7	41	300	4096	1	50	5000	-1000	1000	-30	30	50	90	100	200	210	750	-20	-20	-10	-10	-1000	-40																																																		256	256	32	500	5	4096
170		170	"FAST_N_70"	0	"Xylene"	70	"USB_1"	1	11	5	"PMT_N70"				"USB_2"	1																																																									30	50	2	1	4	7	41	300	4096	1	50	5000	-1000	1000	-30	30	50	90	100	200	210	750	-20	-20	-10	-10	-1000	-40																																																		256	256	32	500	5	4096
171		171	"FAST_N_71"	0	"Xylene"	71	"USB_1"	1	11	6	"PMT_N71"				"USB_2"	1																																																									30	50	2	1	4	7	41	300	4096	1	50	5000	-1000	1000	-30	30	50	90	100	200	210	750	-20	-20	-10	-10	-1000	-40																																																		256	256	32	500	5	4096
172		172	"FAST_N_72"	0	"Xylene"	72	"USB_1"	1	11	7	"PMT_N72"				"USB_2"	1																																																									30	50	2	1	4	7	41	300	4096	1	50	5000	-1000	1000	-30	30	50	90	100	200	210	750	-20	-20	-10	-10	-1000	-40																																																		256	256	32	500	5	4096
173		173	"FAST_N_73"	0	"Xylene"	73	"USB_1"	1	12	0	"PMT_N73"				"USB_2"	1																																																									30	50	2	1	4	7	41	300	4096	1	50	5000	-1000	1000	-30	30	50	90	100	200	210	750	-20	-20	-10	-10	-1000	-40																																																		256	256	32	500	5	4096
174		174	"FAST_N_74"	0	"Xylene"	74	"USB_1"	1	12	1	"PMT_N74"				"USB_2"	1																																																									30	50	2	1	4	7	41	300	4096	1	50	5000	-1000	1000	-30	30	50	90	100	200	210	750	-20	-20	-10	-10	-1000	-40																																																		256	256	32	500	5	4096
175		175	"FAST_N_75"	0	"Xylene"	75	"USB_1"	1	12	2	"PMT_N75"				"USB_2"	1																																																									30	50	2	1	4	7	41	300	4096	1	50	5000	-1000	1000	-30	30	50	90	100	200	210	750	-20	-20	-10	-10	-1000	-40																																																		256	256	32	500	5	4096
176		176	"FAST_N_76"	0	"Xylene"	76	"USB_1"	1	12	3	"PMT_N76"				"USB_2"	1																																																									30	50	2	1	4	7	41	300	4096	1	50	5000	-1000	1000	-30	30	50	90	100	200	210	750	-20	-20	-10	-10	-1000	-40																																																		256	256	32	500	5	4096
177		177	"FAST_N_77"	0	"Xylene"	77	"USB_1"	1	12	4	"PMT_N77"				"USB_2"	1																																																									30	50	2	1	4	7	41	300	4096	1	50	5000	-1000	1000	-30	30	50	90	100	200	210	750	-20	-20	-10	-10	-1000	-40																																																		256	256	32	500	5	4096
178		178	"FAST_N_78"	0	"Xylene"	78	"USB_1"	1	12	5	"PMT_N78"				"USB_2"	1																																																									30	50	2	1	4	7	41	300	4096	1	50	5000	-1000	1000	-30	30	50	90	100	200	210	750	-20	-20	-10	-10	-1000	-40																																																		256	256	32	500	5	4096
179		179	"FAST_N_79"	0	"Xylene"	79	"USB_1"	1	12	6	"PMT_N79"				"USB_2"	1																																																									30	50	2	1	4	7	41	300	4096	1	50	5000	-1000	1000	-30	30	50	90	100	200	210	750	-20	-20	-10	-10	-1000	-40																																																		256	256	32	500	5	4096
180		180	"FAST_N_80"	0	"Xylene"	80	"USB_1"	1	12	7	"PMT_N80"				"USB_2"	1																																																									30	50	2	1	4	7	41	300	4096	1	50	5000	-1000	1000	-30	30	50	90	100	200	210	750	-20	-20	-10	-10	-1000	-40																																																		256	256	32	500	5	4096
181		181	"FAST_N_81"	0	"Xylene"	81	"USB_1"	1	13	0	"PMT_N81"				"USB_2"	1																																																									30	50	2	1	4	7	41	300	4096	1	50	5000	-1000	1000	-30	30	50	90	100	200	210	750	-20	-20	-10	-10	-1000	-40																																																		256	256	32	500	5	4096
182		182	"FAST_N_82"	0	"Xylene"	82	"USB_1"	1	13	1	"PMT_N82"				"USB_2"	1																																																									30	50	2	1	4	7	41	300	4096	1	50	5000	-1000	1000	-30	30	50	90	100	200	210	750	-20	-20	-10	-10	-1000	-40																																																		256	256	32	500	5	4096
183		183	"FAST_N_83"	0	"Xylene"	83	"USB_1"	1	13	2	"PMT_N83"				"USB_2"	1																																																									30	50	2	1	4	7	41	300	4096	1	50	5000	-1000	1000	-30	30	50	90	100	200	210	750	-20	-20	-10	-10	-1000	-40																																																		256	256	32	500	5	4096
184		184	"FAST_N_84"	0	"Xylene"	84	"USB_1"	1	13	3	"PMT_N84"				"USB_2"	1																																																									30	50	2	1	4	7	41	300	4096	1	50	5000	-1000	1000	-30	30	50	90	100	200	210	750	-20	-20	-10	-10	-1000	-40																																																		256	256	32	500	5	4096
185		185	"FAST_N_85"	0	"Xylene"	85	"USB_1"	1	13	4	"PMT_N85"				"USB_2"	1																																																									30	50	2	1	4	7	41	300	4096	1	50	5000	-1000	1000	-30	30	50	90	100	200	210	750	-20	-20	-10	-10	-1000	-40																																																		256	256	32	500	5	4096
186		186	"FAST_N_86"	0	"Xylene"	86	"USB_1"	1	13	5	"PMT_N86"				"USB_2"	1																																																									30	50	2	1	4	7	41	300	4096	1	50	5000	-1000	1000	-30	30	50	90	100	200	210	750	-20	-20	-10	-10	-1000	-40																																																		256	256	32	500	5	4096
187		187	"FAST_N_87"	0	"Xylene"	87	"USB_1"	1	13	6	"PMT_N87"				"USB_2"	1																																																									30	50	2	1	4	7	41	300	4096	1	50	5000	-1000	1000	-30	30	50	90	100	200	210	750	-20	-20	-10	-10	-1000	-40																																																		256	256	32	500	5	4096
188		188	"FAST_N_88"	0	"Xylene"	88	"USB_1"	1	13	7	"PMT_N88"				"USB_2"	1																																																									30	50	2	1	4	7	41	300	4096	1	50	5000	-1000	1000	-30	30	50	90	100	200	210	750	-20	-20	-10	-10	-1000	-40																																																		256	256	32	500	5	4096
189		189	"FAST_N_89"	0	"Xylene"	89	"USB_1"	1	14	0	"PMT_N89"				"USB_2"	1																																																									30	50	2	1	4	7	41	300	4096	1	50	5000	-1000	1000	-30	30	50	90	100	200	210	750	-20	-20	-10	-10	-1000	-40																																																		256	256	32	500	5	4096
190		190	"FAST_N_90"	0	"Xylene"	90	"USB_1"	1	14	1	"PMT_N90"				"USB_2"	1																																																									30	50	2	1	4	7	41	300	4096	1	50	5000	-1000	1000	-30	30	50	90	100	200	210	750	-20	-20	-10	-10	-1000	-40																																																		256	256	32	500	5	4096
191		191	"FAST_N_91"	0	"Xylene"	91	"USB_1"	1	14	2	"PMT_N91"				"USB_2"	1																																																									30	50	2	1	4	7	41	300	4096	1	50	5000	-1000	1000	-30	30	50	90	100	200	210	750	-20	-20	-10	-10	-1000	-40																																																		256	256	32	500	5	4096
192		192	"FAST_N_92"	0	"Xylene"	92	"USB_1"	1	14	3	"PMT_N92"				"USB_2"	1																																																									30	50	2	1	4	7	41	300	4096	1	50	5000	-1000	1000	-30	30	50	90	100	200	210	750	-20	-20	-10	-10	-1000	-40																																																		256	256	32	500	5	4096
193		193	"FAST_N_93"	0	"Xylene"	93	"USB_1"	1	14	4	"PMT_N93"				"USB_2"	1																																																									30	50	2	1	4	7	41	300	4096	1	50	5000	-1000	1000	-30	30	50	90	100	200	210	750	-20	-20	-10	-10	-1000	-40																																																		256	256	32	500	5	4096
194		194	"FAST_N_94"	0	"Xylene"	94	"USB_1"	1	14	5	"PMT_N94"				"USB_2"	1																																																									30	50	2	1	4	7	41	300	4096	1	50	5000	-1000	1000	-30	30	50	90	100	200	210	750	-20	-20	-10	-10	-1000	-40																																																		256	256	32	500	5	4096
195		195	"FAST_N_95"	0	"Xylene"	95	"USB_1"	1	14	6	"PMT_N95"				"USB_2"	1																																																									30	50	2	1	4	7	41	300	4096	1	50	5000	-1000	1000	-30	30	50	90	100	200	210	750	-20	-20	-10	-10	-1000	-40																																																		256	256	32	500	5	4096
196		196	"FAST_N_96"	0	"Xylene"	96	"USB_1"	1	14	7	"PMT_N96"				"USB_2"	1																																																									30	50	2	1	4	7	41	300	4096	1	50	5000	-1000	1000	-30	30	50	90	100	200	210	750	-20	-20	-10	-10	-1000	-40																																																		256	256	32	500	5	4096
197		197	"FAST_N_97"	0	"Stilbene"	97	"USB_1"	1	15	0	"PMT_N97"				"USB_2"	1																																																									30	50	2	1	4	7	41	300	4096	1	50	5000	-1000	1000	-30	30	50	90	100	200	210	750	-20	-20	-10	-10	-1000	-40																																																		256	256	32	500	5	4096
198		198	"FAST_N_98"	0	"Stilbene"	98	"USB_1"	1	15	1	"PMT_N98"				"USB_2"	1																																																									30	50	2	1	4	7	41	300	4096	1	50	5000	-1000	1000	-30	30	50	90	100	200	210	750	-20	-20	-10	-10	-1000	-40																																																		256	256	32	500	5	4096
199		199	"FAST_N_99"	0	"Stilbene"	99	"USB_1"	1	15	2	"PMT_N99"				"USB_2"	1																																																									30	50	2	1	4	7	41	300	4096	1	50	5000	-1000	1000	-30	30	50	90	100	200	210	750	-20	-20	-10	-10	-1000	-40																																																		256	256	32	500	5	4096
200		200	"FAST_N_100"	0	"Stilbene"	100	"USB_1"	1	15	3	"PMT_N100"				"USB_2"	1																																																									30	50	2	1	4	7	41	300	4096	1	50	5000	-1000	1000	-30	30	50	90	100	200	210	750	-20	-20	-10	-10	-1000	-40																																																		256	256	32	500	5	4096
201		201	"FAST_N_101"	0	"Stilbene"	101	"USB_1"	1	15	4	"PMT_N101"				"USB_2"	1																																																									30	50	2	1	4	7	41	300	4096	1	50	5000	-1000	1000	-30	30	50	90	100	200	210	750	-20	-20	-10	-10	-1000	-40																																																		256	256	32	500	5	4096
202		202	"FAST_N_102"	0	"Stilbene"	102	"USB_1"	1	15	5	"PMT_N102"				"USB_2"	1																																																									30	50	2	1	4	7	41	300	4096	1	50	5000	-1000	1000	-30	30	50	90	100	200	210	750	-20	-20	-10	-10	-1000	-40																																																		256	256	32	500	5	4096
203		203	"FAST_N_103"	0	"Stilbene"	103	"USB_1"	1	15	6	"PMT_N103"				"USB_2"	1																																																									30	50	2	1	4	7	41	300	4096	1	50	5000	-1000	1000	-30	30	50	90	100	200	210	750	-20	-20	-10	-10	-1000	-40																																																		256	256	32	500	5	4096
204		204	"FAST_N_104"	0	"Stilbene"	104	"USB_1"	1	15	7	"PMT_N104"				"USB_2"	1																																																									30	50	2	1	4	7	41	300	4096	1	50	5000	-1000	1000	-30	30	50	90	100	200	210	750	-20	-20	-10	-10	-1000	-40																																																		256	256	32	500	5	4096
